Customer ID,Recency,Frequency,Monetary,Total_Profit,Average_Discount,Average_Order_Value,Cluster,Segment,Recommendation
AA-10315,184,5,5563.56,-362.87,0.0909090909090909,1112.712,1,Regular Customers,Encourage higher spending through promotions and cross-selling.
AA-10375,19,9,1056.39,277.4,0.08,117.37666666666668,1,Regular Customers,Encourage higher spending through promotions and cross-selling.
AA-10480,259,4,1790.51,435.82,0.0166666666666666,447.6275,1,Regular Customers,Encourage higher spending through promotions and cross-selling.
AA-10645,55,6,5086.9400000000005,857.8,0.0638888888888888,847.8233333333334,0,High-Value Customers,"Retain with loyalty programs, VIP benefits, and cross-selling."
AB-10015,415,3,886.15,129.34,0.0666666666666666,295.3833333333333,2,At-Risk Customers,Use re-engagement campaigns and targeted promotions to encourage repeat purchases.
AB-10060,54,8,7755.63,2054.6,0.0444444444444444,969.45375,0,High-Value Customers,"Retain with loyalty programs, VIP benefits, and cross-selling."
AB-10105,41,10,14473.57,5444.81,0.24,1447.357,0,High-Value Customers,"Retain with loyalty programs, VIP benefits, and cross-selling."
AB-10150,41,5,966.71,313.66,0.1333333333333333,193.342,1,Regular Customers,Encourage higher spending through promotions and cross-selling.
AB-10165,25,8,1113.85,220.82,0.1357142857142857,139.23125000000002,1,Regular Customers,Encourage higher spending through promotions and cross-selling.
AB-10255,166,9,914.53,264.57,0.1,101.61444444444444,1,Regular Customers,Encourage higher spending through promotions and cross-selling.
AB-10600,50,4,1515.86,-274.95000000000005,0.375,378.965,1,Regular Customers,Encourage higher spending through promotions and cross-selling.
AC-10420,232,3,925.8,-62.13,0.32,308.6,2,At-Risk Customers,Use re-engagement campaigns and targeted promotions to encourage repeat purchases.
AC-10450,11,7,5527.85,1366.01,0.1888888888888888,789.6928571428572,0,High-Value Customers,"Retain with loyalty programs, VIP benefits, and cross-selling."
AC-10615,6,5,2537.69,298.82,0.1111111111111111,507.538,1,Regular Customers,Encourage higher spending through promotions and cross-selling.
AC-10660,282,5,657.3100000000001,-28.700000000000006,0.1833333333333333,131.46200000000002,2,At-Risk Customers,Use re-engagement campaigns and targeted promotions to encourage repeat purchases.
AD-10180,29,8,6106.88,1869.92,0.0583333333333333,763.36,0,High-Value Customers,"Retain with loyalty programs, VIP benefits, and cross-selling."
AF-10870,41,7,2052.9100000000003,317.97,0.2,293.2728571428572,1,Regular Customers,Encourage higher spending through promotions and cross-selling.
AF-10885,415,4,861.57,-163.13,0.2571428571428572,215.3925,2,At-Risk Customers,Use re-engagement campaigns and targeted promotions to encourage repeat purchases.
AG-10270,278,5,2582.9,732.75,0.0142857142857142,516.58,1,Regular Customers,Encourage higher spending through promotions and cross-selling.
AG-10300,118,4,367.55,59.3,0.08,91.8875,1,Regular Customers,Encourage higher spending through promotions and cross-selling.
AG-10330,8,5,660.97,-5.1399999999999935,0.2333333333333333,132.19400000000002,1,Regular Customers,Encourage higher spending through promotions and cross-selling.
AG-10390,114,5,200.95,69.27,0.2249999999999999,40.19,1,Regular Customers,Encourage higher spending through promotions and cross-selling.
AG-10495,78,8,2356.86,295.68,0.2047619047619047,294.6075,1,Regular Customers,Encourage higher spending through promotions and cross-selling.
AG-10525,845,4,1455.0400000000002,-152.75,0.1555555555555555,363.7600000000001,2,At-Risk Customers,Use re-engagement campaigns and targeted promotions to encourage repeat purchases.
AG-10675,97,7,3489.06,-246.39999999999995,0.1613333333333333,498.4371428571429,1,Regular Customers,Encourage higher spending through promotions and cross-selling.
AG-10765,77,4,170.59,-8.420000000000002,0.4599999999999999,42.6475,1,Regular Customers,Encourage higher spending through promotions and cross-selling.
AG-10900,96,10,4510.79,343.67,0.1666666666666666,451.079,1,Regular Customers,Encourage higher spending through promotions and cross-selling.
AH-10030,12,7,1744.6999999999998,365.22,0.0909090909090909,249.2428571428571,1,Regular Customers,Encourage higher spending through promotions and cross-selling.
AH-10075,34,10,3250.35,281.2,0.135,325.035,1,Regular Customers,Encourage higher spending through promotions and cross-selling.
AH-10120,60,7,1735.53,-2.300000000000037,0.2375,247.93285714285716,1,Regular Customers,Encourage higher spending through promotions and cross-selling.
AH-10195,55,4,1587.45,-378.54,0.35,396.8625,1,Regular Customers,Encourage higher spending through promotions and cross-selling.
AH-10210,6,9,4805.35,1308.56,0.0923076923076923,533.9277777777778,1,Regular Customers,Encourage higher spending through promotions and cross-selling.
AH-10465,230,5,2495.4,-196.13,0.14,499.08,1,Regular Customers,Encourage higher spending through promotions and cross-selling.
AH-10585,21,4,738.5,83.97,0.12,184.625,1,Regular Customers,Encourage higher spending through promotions and cross-selling.
AH-10690,410,12,7888.3,1298.0,0.217391304347826,657.3583333333333,0,High-Value Customers,"Retain with loyalty programs, VIP benefits, and cross-selling."
AI-10855,13,10,4375.79,867.73,0.0722222222222222,437.579,1,Regular Customers,Encourage higher spending through promotions and cross-selling.
AJ-10780,75,7,4867.34,150.71999999999997,0.0866666666666666,695.3342857142858,1,Regular Customers,Encourage higher spending through promotions and cross-selling.
AJ-10795,166,7,4501.39,1158.71,0.0833333333333333,643.0557142857143,1,Regular Customers,Encourage higher spending through promotions and cross-selling.
AJ-10945,85,7,1839.24,521.14,0.04,262.74857142857144,1,Regular Customers,Encourage higher spending through promotions and cross-selling.
AJ-10960,74,3,629.25,60.43,0.04,209.75,1,Regular Customers,Encourage higher spending through promotions and cross-selling.
AM-10360,28,5,814.01,194.99,0.125,162.802,1,Regular Customers,Encourage higher spending through promotions and cross-selling.
AM-10705,162,8,5664.02,1085.75,0.0636363636363636,708.0024999999999,0,High-Value Customers,"Retain with loyalty programs, VIP benefits, and cross-selling."
AO-10810,501,1,161.28,12.1,0.2,161.28,2,At-Risk Customers,Use re-engagement campaigns and targeted promotions to encourage repeat purchases.
AP-10720,41,8,1638.55,285.8,0.1631578947368421,204.81875,1,Regular Customers,Encourage higher spending through promotions and cross-selling.
AP-10915,98,10,3323.55,579.31,0.0935483870967742,332.355,1,Regular Customers,Encourage higher spending through promotions and cross-selling.
AR-10345,111,4,1055.69,-221.05,0.26,263.9225,1,Regular Customers,Encourage higher spending through promotions and cross-selling.
AR-10405,125,5,2236.12,-98.76,0.0999999999999999,447.224,1,Regular Customers,Encourage higher spending through promotions and cross-selling.
AR-10510,14,5,264.87,43.65,0.2142857142857142,52.974,1,Regular Customers,Encourage higher spending through promotions and cross-selling.
AR-10540,6,6,6608.450000000001,2884.61,0.0666666666666666,1101.4083333333335,0,High-Value Customers,"Retain with loyalty programs, VIP benefits, and cross-selling."
AR-10570,534,1,88.15,32.64,0.0,88.15,2,At-Risk Customers,Use re-engagement campaigns and targeted promotions to encourage repeat purchases.
AR-10825,58,8,4523.33,494.83,0.0769230769230769,565.41625,1,Regular Customers,Encourage higher spending through promotions and cross-selling.
AS-10045,88,7,3050.69,-253.59,0.355,435.8128571428571,1,Regular Customers,Encourage higher spending through promotions and cross-selling.
AS-10090,28,9,3255.3,64.52999999999999,0.18,361.7000000000001,1,Regular Customers,Encourage higher spending through promotions and cross-selling.
AS-10135,41,2,58.82,21.84,0.0666666666666666,29.41,1,Regular Customers,Encourage higher spending through promotions and cross-selling.
AS-10225,22,5,4260.78,719.77,0.0615384615384615,852.156,1,Regular Customers,Encourage higher spending through promotions and cross-selling.
AS-10240,192,7,584.62,33.72,0.2692307692307692,83.51714285714286,1,Regular Customers,Encourage higher spending through promotions and cross-selling.
AS-10285,19,6,3214.24,354.63,0.225,535.7066666666666,1,Regular Customers,Encourage higher spending through promotions and cross-selling.
AS-10630,92,7,833.41,136.48,0.1833333333333333,119.05857142857144,1,Regular Customers,Encourage higher spending through promotions and cross-selling.
AT-10435,21,6,1171.8100000000002,100.87,0.1999999999999999,195.3016666666667,1,Regular Customers,Encourage higher spending through promotions and cross-selling.
AT-10735,13,10,3831.87,974.12,0.0875,383.187,1,Regular Customers,Encourage higher spending through promotions and cross-selling.
AW-10840,20,4,649.37,65.78,0.2,162.3425,1,Regular Customers,Encourage higher spending through promotions and cross-selling.
AW-10930,46,7,2852.95,-104.54000000000002,0.30625,407.5642857142857,1,Regular Customers,Encourage higher spending through promotions and cross-selling.
AY-10555,14,4,497.02,103.34,0.1,124.255,1,Regular Customers,Encourage higher spending through promotions and cross-selling.
AZ-10750,160,6,1622.03,154.95999999999998,0.125,270.3383333333333,1,Regular Customers,Encourage higher spending through promotions and cross-selling.
BB-10990,105,5,744.3299999999999,11.57,0.2,148.866,1,Regular Customers,Encourage higher spending through promotions and cross-selling.
BB-11545,28,9,6765.73,1015.06,0.195,751.7477777777777,0,High-Value Customers,"Retain with loyalty programs, VIP benefits, and cross-selling."
BC-11125,202,9,2933.67,251.61,0.1111111111111111,325.96333333333337,1,Regular Customers,Encourage higher spending through promotions and cross-selling.
BD-11320,33,12,5718.53,1094.51,0.0789473684210526,476.5441666666666,0,High-Value Customers,"Retain with loyalty programs, VIP benefits, and cross-selling."
BD-11500,35,6,4411.25,1142.13,0.135,735.2083333333334,1,Regular Customers,Encourage higher spending through promotions and cross-selling.
BD-11560,278,2,320.54,116.71,0.0,160.27,2,At-Risk Customers,Use re-engagement campaigns and targeted promotions to encourage repeat purchases.
BD-11605,97,7,3288.48,634.83,0.0725,469.7828571428572,1,Regular Customers,Encourage higher spending through promotions and cross-selling.
BD-11620,69,6,1538.12,206.77,0.175,256.3533333333333,1,Regular Customers,Encourage higher spending through promotions and cross-selling.
BD-11635,9,3,582.65,141.54,0.1,194.21666666666667,1,Regular Customers,Encourage higher spending through promotions and cross-selling.
BD-11725,93,6,1526.5,333.99,0.02,254.41666666666663,1,Regular Customers,Encourage higher spending through promotions and cross-selling.
BD-11770,327,6,658.46,141.28,0.12,109.74333333333334,2,At-Risk Customers,Use re-engagement campaigns and targeted promotions to encourage repeat purchases.
BE-11335,119,5,4204.68,1487.79,0.0222222222222222,840.936,0,High-Value Customers,"Retain with loyalty programs, VIP benefits, and cross-selling."
BE-11410,98,5,2261.44,755.91,0.16,452.288,1,Regular Customers,Encourage higher spending through promotions and cross-selling.
BE-11455,254,6,1727.65,139.20999999999998,0.1461538461538461,287.94166666666666,1,Regular Customers,Encourage higher spending through promotions and cross-selling.
BF-10975,91,7,599.79,227.44,0.1461538461538461,85.6842857142857,1,Regular Customers,Encourage higher spending through promotions and cross-selling.
BF-11005,39,4,1333.89,-291.37,0.18,333.4725,1,Regular Customers,Encourage higher spending through promotions and cross-selling.
BF-11020,74,8,2888.5,302.01,0.2571428571428572,361.0625,1,Regular Customers,Encourage higher spending through promotions and cross-selling.
BF-11080,25,3,272.95,110.93,0.0,90.98333333333332,1,Regular Customers,Encourage higher spending through promotions and cross-selling.
BF-11170,16,11,5907.97,1538.22,0.1222222222222222,537.0881818181819,0,High-Value Customers,"Retain with loyalty programs, VIP benefits, and cross-selling."
BF-11215,65,4,1585.17,523.22,0.05,396.2925,1,Regular Customers,Encourage higher spending through promotions and cross-selling.
BF-11275,57,3,791.99,25.880000000000003,0.15,263.99666666666667,1,Regular Customers,Encourage higher spending through promotions and cross-selling.
BG-11035,28,8,2798.96,-711.41,0.1916666666666666,349.87,1,Regular Customers,Encourage higher spending through promotions and cross-selling.
BG-11695,36,6,1874.18,107.59,0.1375,312.36333333333334,1,Regular Customers,Encourage higher spending through promotions and cross-selling.
BG-11740,57,6,1006.35,119.35,0.1428571428571428,167.725,1,Regular Customers,Encourage higher spending through promotions and cross-selling.
BH-11710,23,8,6255.34,802.8,0.1833333333333333,781.9175,0,High-Value Customers,"Retain with loyalty programs, VIP benefits, and cross-selling."
BK-11260,77,6,659.15,-63.760000000000005,0.20625,109.85833333333332,1,Regular Customers,Encourage higher spending through promotions and cross-selling.
BM-11140,307,4,11789.64,-1659.97,0.16875,2947.41,0,High-Value Customers,"Retain with loyalty programs, VIP benefits, and cross-selling."
BM-11575,100,6,808.16,95.58,0.18,134.69333333333333,1,Regular Customers,Encourage higher spending through promotions and cross-selling.
BM-11650,33,11,7294.18,2199.28,0.0844827586206896,663.1072727272727,0,High-Value Customers,"Retain with loyalty programs, VIP benefits, and cross-selling."
BM-11785,218,10,1338.82,137.72,0.25,133.882,1,Regular Customers,Encourage higher spending through promotions and cross-selling.
BN-11470,24,4,265.31,36.61,0.1666666666666666,66.3275,1,Regular Customers,Encourage higher spending through promotions and cross-selling.
BN-11515,9,5,1459.34,340.72,0.0235294117647058,291.86800000000005,1,Regular Customers,Encourage higher spending through promotions and cross-selling.
BO-11350,137,5,2682.73,278.78000000000003,0.2333333333333333,536.546,1,Regular Customers,Encourage higher spending through promotions and cross-selling.
BO-11425,75,2,130.83,59.46,0.0,65.415,1,Regular Customers,Encourage higher spending through promotions and cross-selling.
BP-11050,83,5,983.42,209.78,0.1428571428571428,196.684,1,Regular Customers,Encourage higher spending through promotions and cross-selling.
BP-11095,17,12,2442.05,433.98,0.165,203.5041666666667,1,Regular Customers,Encourage higher spending through promotions and cross-selling.
BP-11155,89,6,1697.87,647.38,0.0818181818181818,282.9783333333333,1,Regular Customers,Encourage higher spending through promotions and cross-selling.
BP-11185,1,9,3675.86,363.59,0.1944444444444444,408.4288888888889,1,Regular Customers,Encourage higher spending through promotions and cross-selling.
BP-11230,39,5,1181.49,-197.28000000000003,0.0666666666666666,236.298,1,Regular Customers,Encourage higher spending through promotions and cross-selling.
BP-11290,12,7,2475.16,-319.07,0.3,353.5942857142857,1,Regular Customers,Encourage higher spending through promotions and cross-selling.
BS-11365,558,5,10501.65,2616.06,0.0111111111111111,2100.3300000000004,0,High-Value Customers,"Retain with loyalty programs, VIP benefits, and cross-selling."
BS-11380,28,5,3887.82,-17.52999999999995,0.2769230769230769,777.564,1,Regular Customers,Encourage higher spending through promotions and cross-selling.
BS-11590,35,6,2454.9300000000003,381.78,0.3,409.155,1,Regular Customers,Encourage higher spending through promotions and cross-selling.
BS-11665,582,3,3288.12,238.73,0.1818181818181818,1096.04,2,At-Risk Customers,Use re-engagement campaigns and targeted promotions to encourage repeat purchases.
BS-11755,1,7,2562.38,-113.31,0.1321428571428571,366.05428571428575,1,Regular Customers,Encourage higher spending through promotions and cross-selling.
BS-11800,265,2,949.43,194.05,0.0,474.715,2,At-Risk Customers,Use re-engagement campaigns and targeted promotions to encourage repeat purchases.
BT-11305,336,5,2567.66,417.58,0.0444444444444444,513.5319999999999,2,At-Risk Customers,Use re-engagement campaigns and targeted promotions to encourage repeat purchases.
BT-11395,302,6,2186.61,257.90000000000003,0.15,364.435,1,Regular Customers,Encourage higher spending through promotions and cross-selling.
BT-11440,560,4,603.87,-77.52000000000001,0.1571428571428571,150.9675,2,At-Risk Customers,Use re-engagement campaigns and targeted promotions to encourage repeat purchases.
BT-11485,659,2,415.19999999999993,126.87,0.0666666666666666,207.6,2,At-Risk Customers,Use re-engagement campaigns and targeted promotions to encourage repeat purchases.
BT-11530,91,5,2684.5,409.49,0.1,536.9,1,Regular Customers,Encourage higher spending through promotions and cross-selling.
BT-11680,20,7,3196.75,447.77,0.07,456.6785714285714,1,Regular Customers,Encourage higher spending through promotions and cross-selling.
BV-11245,334,5,1523.28,315.23,0.0928571428571428,304.656,2,At-Risk Customers,Use re-engagement campaigns and targeted promotions to encourage repeat purchases.
BW-11065,212,3,385.51,-58.28999999999999,0.1333333333333333,128.50333333333333,2,At-Risk Customers,Use re-engagement campaigns and targeted promotions to encourage repeat purchases.
BW-11110,121,8,4750.360000000001,921.26,0.1411764705882353,593.7950000000001,1,Regular Customers,Encourage higher spending through promotions and cross-selling.
BW-11200,203,6,1738.41,247.0,0.15,289.735,1,Regular Customers,Encourage higher spending through promotions and cross-selling.
CA-11965,96,6,3789.72,1143.39,0.112,631.62,1,Regular Customers,Encourage higher spending through promotions and cross-selling.
CA-12055,401,5,1679.72,211.26,0.3,335.944,2,At-Risk Customers,Use re-engagement campaigns and targeted promotions to encourage repeat purchases.
CA-12265,56,9,2648.29,279.62,0.1894117647058823,294.25444444444446,1,Regular Customers,Encourage higher spending through promotions and cross-selling.
CA-12310,13,4,1421.96,246.01,0.1181818181818181,355.49,1,Regular Customers,Encourage higher spending through promotions and cross-selling.
CA-12775,120,7,3041.58,204.49,0.188235294117647,434.51142857142855,1,Regular Customers,Encourage higher spending through promotions and cross-selling.
CB-12025,47,10,6076.15,150.20999999999998,0.1634615384615384,607.615,1,Regular Customers,Encourage higher spending through promotions and cross-selling.
CB-12415,26,8,1949.21,272.4,0.3333333333333333,243.65125,1,Regular Customers,Encourage higher spending through promotions and cross-selling.
CB-12535,197,8,4246.46,1049.55,0.05,530.8075,1,Regular Customers,Encourage higher spending through promotions and cross-selling.
CC-12100,457,6,1770.9499999999998,208.6,0.2153846153846153,295.1583333333333,2,At-Risk Customers,Use re-engagement campaigns and targeted promotions to encourage repeat purchases.
CC-12145,106,7,2471.65,392.29,0.0818181818181818,353.0928571428572,1,Regular Customers,Encourage higher spending through promotions and cross-selling.
CC-12220,20,12,3913.43,393.97,0.1181818181818181,326.1191666666667,1,Regular Customers,Encourage higher spending through promotions and cross-selling.
CC-12370,43,5,12129.08,2177.05,0.2818181818181818,2425.816,0,High-Value Customers,"Retain with loyalty programs, VIP benefits, and cross-selling."
CC-12430,0,10,2870.05,424.63,0.0578947368421052,287.005,1,Regular Customers,Encourage higher spending through promotions and cross-selling.
CC-12475,39,9,1659.45,154.85,0.1615384615384615,184.38333333333333,1,Regular Customers,Encourage higher spending through promotions and cross-selling.
CC-12550,27,3,113.84,33.87,0.15,37.946666666666665,1,Regular Customers,Encourage higher spending through promotions and cross-selling.
CC-12610,34,7,2540.63,331.45000000000005,0.2749999999999999,362.94714285714286,1,Regular Customers,Encourage higher spending through promotions and cross-selling.
CC-12670,29,7,2269.69,187.83,0.1678571428571428,324.24142857142857,1,Regular Customers,Encourage higher spending through promotions and cross-selling.
CC-12685,799,4,2854.12,850.15,0.25,713.53,2,At-Risk Customers,Use re-engagement campaigns and targeted promotions to encourage repeat purchases.
CD-11920,40,5,2033.97,426.65,0.0444444444444444,406.794,1,Regular Customers,Encourage higher spending through promotions and cross-selling.
CD-11980,54,3,639.76,-206.71,0.4333333333333333,213.25333333333333,1,Regular Customers,Encourage higher spending through promotions and cross-selling.
CD-12280,42,2,1205.58,233.01,0.0846153846153846,602.79,1,Regular Customers,Encourage higher spending through promotions and cross-selling.
CD-12790,399,5,1860.74,403.85,0.0266666666666666,372.148,2,At-Risk Customers,Use re-engagement campaigns and targeted promotions to encourage repeat purchases.
CG-12040,49,6,904.48,86.52,0.1888888888888888,150.74666666666667,1,Regular Customers,Encourage higher spending through promotions and cross-selling.
CG-12520,338,3,1148.78,169.93,0.2,382.9266666666667,2,At-Risk Customers,Use re-engagement campaigns and targeted promotions to encourage repeat purchases.
CH-12070,691,3,1537.24,195.16000000000005,0.15,512.4133333333333,2,At-Risk Customers,Use re-engagement campaigns and targeted promotions to encourage repeat purchases.
CJ-11875,365,1,16.52,1.65,0.2,16.52,2,At-Risk Customers,Use re-engagement campaigns and targeted promotions to encourage repeat purchases.
CJ-12010,189,8,11164.97,858.7500000000001,0.1885,1395.62125,0,High-Value Customers,"Retain with loyalty programs, VIP benefits, and cross-selling."
CK-12205,39,13,3154.83,141.25,0.234375,242.6792307692308,1,Regular Customers,Encourage higher spending through promotions and cross-selling.
CK-12325,120,5,2945.32,261.23,0.1833333333333333,589.0640000000001,1,Regular Customers,Encourage higher spending through promotions and cross-selling.
CK-12595,43,11,2372.75,497.69,0.184,215.70454545454547,1,Regular Customers,Encourage higher spending through promotions and cross-selling.
CK-12760,82,9,1582.11,-338.43999999999994,0.15,175.79000000000002,1,Regular Customers,Encourage higher spending through promotions and cross-selling.
CL-11890,106,4,1262.01,328.08000000000004,0.0571428571428571,315.5025,1,Regular Customers,Encourage higher spending through promotions and cross-selling.
CL-12565,284,12,10880.56,1933.79,0.1142857142857143,906.7133333333333,0,High-Value Customers,"Retain with loyalty programs, VIP benefits, and cross-selling."
CL-12700,105,5,2353.59,229.0,0.1875,470.718,1,Regular Customers,Encourage higher spending through promotions and cross-selling.
CM-11815,131,6,1673.89,214.45,0.12,278.9816666666667,1,Regular Customers,Encourage higher spending through promotions and cross-selling.
CM-11935,708,2,565.39,-43.73,0.2,282.695,2,At-Risk Customers,Use re-engagement campaigns and targeted promotions to encourage repeat purchases.
CM-12115,8,4,1661.61,409.07,0.0285714285714285,415.4025,1,Regular Customers,Encourage higher spending through promotions and cross-selling.
CM-12160,26,6,2533.32,-394.37,0.2428571428571428,422.22,1,Regular Customers,Encourage higher spending through promotions and cross-selling.
CM-12190,8,6,1475.14,91.21,0.0714285714285714,245.85666666666668,1,Regular Customers,Encourage higher spending through promotions and cross-selling.
CM-12235,385,5,2305.71,365.03,0.075,461.142,2,At-Risk Customers,Use re-engagement campaigns and targeted promotions to encourage repeat purchases.
CM-12385,37,4,8954.01,3899.91,0.12,2238.5025,0,High-Value Customers,"Retain with loyalty programs, VIP benefits, and cross-selling."
CM-12445,436,3,288.0,64.43,0.0777777777777777,96.0,2,At-Risk Customers,Use re-engagement campaigns and targeted promotions to encourage repeat purchases.
CM-12655,27,6,6339.56,1572.44,0.072,1056.5933333333337,0,High-Value Customers,"Retain with loyalty programs, VIP benefits, and cross-selling."
CM-12715,1035,4,3984.45,176.32,0.3092307692307692,996.1125,2,At-Risk Customers,Use re-engagement campaigns and targeted promotions to encourage repeat purchases.
CP-12085,82,8,5402.25,427.03,0.1428571428571428,675.28125,1,Regular Customers,Encourage higher spending through promotions and cross-selling.
CP-12340,160,8,5888.3,-1850.31,0.2133333333333333,736.0375,1,Regular Customers,Encourage higher spending through promotions and cross-selling.
CR-12580,57,4,2148.85,74.39999999999999,0.1333333333333333,537.2125,1,Regular Customers,Encourage higher spending through promotions and cross-selling.
CR-12625,470,3,475.9,144.77,0.0,158.63333333333333,2,At-Risk Customers,Use re-engagement campaigns and targeted promotions to encourage repeat purchases.
CR-12730,78,4,1600.55,306.92,0.2666666666666666,400.1375,1,Regular Customers,Encourage higher spending through promotions and cross-selling.
CR-12820,85,3,1397.88,83.27,0.1314285714285714,465.96,1,Regular Customers,Encourage higher spending through promotions and cross-selling.
CS-11845,91,5,1278.96,185.37,0.275,255.792,1,Regular Customers,Encourage higher spending through promotions and cross-selling.
CS-11860,162,6,537.63,105.82,0.2285714285714286,89.605,1,Regular Customers,Encourage higher spending through promotions and cross-selling.
CS-11950,25,11,3036.53,-126.42,0.2636363636363636,276.0481818181818,1,Regular Customers,Encourage higher spending through promotions and cross-selling.
CS-12130,489,4,884.64,143.82999999999998,0.1142857142857143,221.16,2,At-Risk Customers,Use re-engagement campaigns and targeted promotions to encourage repeat purchases.
CS-12175,232,5,844.46,113.15,0.1625,168.892,1,Regular Customers,Encourage higher spending through promotions and cross-selling.
CS-12250,26,12,2754.22,738.37,0.0571428571428571,229.5183333333333,1,Regular Customers,Encourage higher spending through promotions and cross-selling.
CS-12355,6,11,3202.16,831.94,0.0818181818181818,291.1054545454545,1,Regular Customers,Encourage higher spending through promotions and cross-selling.
CS-12400,2,9,3651.86,-342.8,0.2142857142857142,405.7622222222223,1,Regular Customers,Encourage higher spending through promotions and cross-selling.
CS-12460,27,2,550.64,156.26,0.0666666666666666,275.32,1,Regular Customers,Encourage higher spending through promotions and cross-selling.
CS-12490,424,4,1077.23,-302.86,0.25,269.3075,2,At-Risk Customers,Use re-engagement campaigns and targeted promotions to encourage repeat purchases.
CS-12505,58,6,5690.07,-6626.37,0.1999999999999999,948.345,1,Regular Customers,Encourage higher spending through promotions and cross-selling.
CT-11995,96,8,3241.9,161.22000000000003,0.1611111111111111,405.2375,1,Regular Customers,Encourage higher spending through promotions and cross-selling.
CV-12295,254,5,2830.63,493.09,0.0769230769230769,566.126,1,Regular Customers,Encourage higher spending through promotions and cross-selling.
CV-12805,5,9,2370.33,98.98,0.2431578947368421,263.37,1,Regular Customers,Encourage higher spending through promotions and cross-selling.
CW-11905,22,6,1136.59,370.84,0.0909090909090909,189.4316666666667,1,Regular Customers,Encourage higher spending through promotions and cross-selling.
CY-12745,60,8,2900.02,60.63999999999999,0.2,362.5025,1,Regular Customers,Encourage higher spending through promotions and cross-selling.
Co-12640,549,5,1300.08,205.63,0.175,260.016,2,At-Risk Customers,Use re-engagement campaigns and targeted promotions to encourage repeat purchases.
DA-13450,352,4,156.76,56.79,0.125,39.19,2,At-Risk Customers,Use re-engagement campaigns and targeted promotions to encourage repeat purchases.
DB-12910,21,8,2171.61,431.38,0.1541666666666666,271.45125,1,Regular Customers,Encourage higher spending through promotions and cross-selling.
DB-12970,241,5,2839.23,213.01,0.1657142857142857,567.846,1,Regular Customers,Encourage higher spending through promotions and cross-selling.
DB-13060,16,7,4531.65,473.02,0.1846153846153846,647.3785714285714,1,Regular Customers,Encourage higher spending through promotions and cross-selling.
DB-13120,48,7,2973.09,-1421.78,0.1428571428571428,424.7271428571429,1,Regular Customers,Encourage higher spending through promotions and cross-selling.
DB-13210,9,10,2332.57,169.95,0.1857142857142857,233.257,1,Regular Customers,Encourage higher spending through promotions and cross-selling.
DB-13270,53,8,4655.900000000001,841.84,0.2076923076923077,581.9875000000001,1,Regular Customers,Encourage higher spending through promotions and cross-selling.
DB-13360,264,5,1081.47,291.01,0.0833333333333333,216.294,1,Regular Customers,Encourage higher spending through promotions and cross-selling.
DB-13405,187,4,1711.69,438.92,0.0285714285714285,427.9225,1,Regular Customers,Encourage higher spending through promotions and cross-selling.
DB-13555,107,7,3908.8,109.35,0.1514285714285714,558.4,1,Regular Customers,Encourage higher spending through promotions and cross-selling.
DB-13615,33,7,1989.05,438.8,0.1454545454545454,284.15,1,Regular Customers,Encourage higher spending through promotions and cross-selling.
DB-13660,12,7,1155.21,177.66,0.16,165.03,1,Regular Customers,Encourage higher spending through promotions and cross-selling.
DC-12850,37,9,3336.17,-1441.64,0.2111111111111111,370.68555555555554,1,Regular Customers,Encourage higher spending through promotions and cross-selling.
DC-13285,23,5,1174.62,132.08,0.0785714285714285,234.92400000000004,1,Regular Customers,Encourage higher spending through promotions and cross-selling.
DD-13570,41,6,269.53000000000003,36.44,0.2444444444444444,44.921666666666674,1,Regular Customers,Encourage higher spending through promotions and cross-selling.
DE-13255,719,5,2550.87,464.48,0.1111111111111111,510.174,2,At-Risk Customers,Use re-engagement campaigns and targeted promotions to encourage repeat purchases.
DF-13135,700,3,2390.54,-259.31000000000006,0.2833333333333334,796.8466666666667,2,At-Risk Customers,Use re-engagement campaigns and targeted promotions to encourage repeat purchases.
DG-13300,32,5,3195.82,562.7700000000001,0.1,639.164,1,Regular Customers,Encourage higher spending through promotions and cross-selling.
DH-13075,277,6,4932.87,1193.74,0.0782608695652174,822.145,0,High-Value Customers,"Retain with loyalty programs, VIP benefits, and cross-selling."
DH-13675,776,4,1043.09,116.68,0.1227272727272727,260.7725,2,At-Risk Customers,Use re-engagement campaigns and targeted promotions to encourage repeat purchases.
DJ-13420,637,4,2012.52,483.03,0.0,503.13,2,At-Risk Customers,Use re-engagement campaigns and targeted promotions to encourage repeat purchases.
DJ-13510,48,8,2501.69,345.26,0.0692307692307692,312.71125,1,Regular Customers,Encourage higher spending through promotions and cross-selling.
DJ-13630,12,3,3356.4,731.57,0.0625,1118.8,1,Regular Customers,Encourage higher spending through promotions and cross-selling.
DK-12835,21,12,3256.48,881.13,0.1777777777777777,271.37333333333333,1,Regular Customers,Encourage higher spending through promotions and cross-selling.
DK-12895,45,5,4282.16,937.66,0.08,856.432,1,Regular Customers,Encourage higher spending through promotions and cross-selling.
DK-12985,7,5,1687.0300000000002,-107.37,0.1625,337.40600000000006,1,Regular Customers,Encourage higher spending through promotions and cross-selling.
DK-13090,42,7,2650.55,536.4,0.1384615384615384,378.65,1,Regular Customers,Encourage higher spending through promotions and cross-selling.
DK-13150,10,2,797.8299999999999,249.94,0.12,398.915,1,Regular Customers,Encourage higher spending through promotions and cross-selling.
DK-13225,10,9,4802.39,209.90000000000003,0.1947368421052631,533.598888888889,1,Regular Customers,Encourage higher spending through promotions and cross-selling.
DK-13375,19,8,3318.49,377.05,0.108695652173913,414.81125,1,Regular Customers,Encourage higher spending through promotions and cross-selling.
DL-12865,100,8,1503.12,322.24,0.15,187.89,1,Regular Customers,Encourage higher spending through promotions and cross-selling.
DL-12925,57,6,3272.2,4.210000000000036,0.0357142857142857,545.3666666666667,1,Regular Customers,Encourage higher spending through promotions and cross-selling.
DL-13315,22,8,1458.25,288.87,0.1823529411764706,182.28125,1,Regular Customers,Encourage higher spending through promotions and cross-selling.
DL-13330,57,4,585.02,222.69,0.05,146.255,1,Regular Customers,Encourage higher spending through promotions and cross-selling.
DL-13495,76,8,3539.32,-52.79000000000001,0.05,442.415,1,Regular Customers,Encourage higher spending through promotions and cross-selling.
DM-12955,114,7,1322.03,108.76,0.1666666666666666,188.86142857142855,1,Regular Customers,Encourage higher spending through promotions and cross-selling.
DM-13015,57,7,6345.09,1677.41,0.2299999999999999,906.4414285714286,0,High-Value Customers,"Retain with loyalty programs, VIP benefits, and cross-selling."
DM-13345,22,8,4074.47,1319.07,0.1,509.30875,1,Regular Customers,Encourage higher spending through promotions and cross-selling.
DM-13525,481,3,1376.8,199.78,0.1699999999999999,458.9333333333333,2,At-Risk Customers,Use re-engagement campaigns and targeted promotions to encourage repeat purchases.
DN-13690,217,7,2139.79,540.53,0.0181818181818181,305.6842857142857,1,Regular Customers,Encourage higher spending through promotions and cross-selling.
DO-13435,133,9,1300.03,-38.88999999999999,0.1576923076923077,144.4477777777778,1,Regular Customers,Encourage higher spending through promotions and cross-selling.
DO-13645,26,7,1267.32,294.07,0.0909090909090909,181.04571428571427,1,Regular Customers,Encourage higher spending through promotions and cross-selling.
DP-13000,126,9,1050.63,241.45,0.2117647058823529,116.73666666666668,1,Regular Customers,Encourage higher spending through promotions and cross-selling.
DP-13105,6,8,2214.99,563.17,0.1142857142857143,276.87375000000003,1,Regular Customers,Encourage higher spending through promotions and cross-selling.
DP-13165,812,2,1058.62,-40.94,0.15,529.31,2,At-Risk Customers,Use re-engagement campaigns and targeted promotions to encourage repeat purchases.
DP-13390,358,9,5480.73,1571.8300000000002,0.1857142857142857,608.9699999999999,0,High-Value Customers,"Retain with loyalty programs, VIP benefits, and cross-selling."
DR-12880,3,9,6528.03,1641.86,0.1333333333333333,725.3366666666666,0,High-Value Customers,"Retain with loyalty programs, VIP benefits, and cross-selling."
DR-12940,50,8,8350.87,2869.08,0.1538461538461538,1043.85875,0,High-Value Customers,"Retain with loyalty programs, VIP benefits, and cross-selling."
DS-13030,93,4,1762.21,193.34,0.1394736842105263,440.5525,1,Regular Customers,Encourage higher spending through promotions and cross-selling.
DS-13180,23,9,2881.8,163.68,0.1535,320.20000000000005,1,Regular Customers,Encourage higher spending through promotions and cross-selling.
DV-13045,19,5,1119.48,-427.18,0.1722222222222222,223.896,1,Regular Customers,Encourage higher spending through promotions and cross-selling.
DV-13465,29,6,3341.58,353.21,0.1133333333333333,556.93,1,Regular Customers,Encourage higher spending through promotions and cross-selling.
DW-13195,69,6,1080.76,-86.87,0.2444444444444444,180.1266666666667,1,Regular Customers,Encourage higher spending through promotions and cross-selling.
DW-13480,217,5,5271.63,1348.75,0.0363636363636363,1054.326,0,High-Value Customers,"Retain with loyalty programs, VIP benefits, and cross-selling."
DW-13540,98,5,344.08,69.66,0.1777777777777777,68.816,1,Regular Customers,Encourage higher spending through promotions and cross-selling.
DW-13585,242,7,1204.85,-266.9,0.17,172.12142857142857,1,Regular Customers,Encourage higher spending through promotions and cross-selling.
Dl-13600,119,5,755.6,175.22999999999996,0.2166666666666666,151.12,1,Regular Customers,Encourage higher spending through promotions and cross-selling.
Dp-13240,84,11,7198.77,333.37000000000023,0.1862068965517241,654.4336363636364,0,High-Value Customers,"Retain with loyalty programs, VIP benefits, and cross-selling."
EA-14035,152,13,2846.71,-52.73,0.3,218.9776923076923,1,Regular Customers,Encourage higher spending through promotions and cross-selling.
EB-13705,48,9,3644.97,13.620000000000008,0.2583333333333333,404.9966666666666,1,Regular Customers,Encourage higher spending through promotions and cross-selling.
EB-13750,35,10,3236.32,-80.28999999999998,0.145,323.632,1,Regular Customers,Encourage higher spending through promotions and cross-selling.
EB-13840,90,5,4358.13,656.2,0.125,871.626,1,Regular Customers,Encourage higher spending through promotions and cross-selling.
EB-13870,100,10,2767.2200000000003,261.52,0.2909090909090909,276.72200000000004,1,Regular Customers,Encourage higher spending through promotions and cross-selling.
EB-13930,161,5,944.6,0.6100000000000048,0.1714285714285714,188.92,1,Regular Customers,Encourage higher spending through promotions and cross-selling.
EB-13975,0,4,1643.2600000000002,162.89,0.2833333333333333,410.81500000000005,1,Regular Customers,Encourage higher spending through promotions and cross-selling.
EB-14110,113,6,3071.14,184.76,0.2090909090909091,511.8566666666666,1,Regular Customers,Encourage higher spending through promotions and cross-selling.
EB-14170,82,6,1186.33,282.17,0.2285714285714286,197.72166666666664,1,Regular Customers,Encourage higher spending through promotions and cross-selling.
EC-14050,53,5,461.91,96.44,0.0999999999999999,92.382,1,Regular Customers,Encourage higher spending through promotions and cross-selling.
ED-13885,135,8,3484.9100000000003,670.45,0.2142857142857142,435.61375,1,Regular Customers,Encourage higher spending through promotions and cross-selling.
EG-13900,22,5,1832.02,104.26,0.2,366.404,1,Regular Customers,Encourage higher spending through promotions and cross-selling.
EH-13765,135,12,10310.87,1393.49,0.071875,859.2391666666666,0,High-Value Customers,"Retain with loyalty programs, VIP benefits, and cross-selling."
EH-13945,217,8,684.18,53.54,0.2941176470588235,85.5225,1,Regular Customers,Encourage higher spending through promotions and cross-selling.
EH-13990,405,6,825.9499999999999,150.37,0.0625,137.65833333333333,2,At-Risk Customers,Use re-engagement campaigns and targeted promotions to encourage repeat purchases.
EH-14005,2,7,1219.52,-94.13999999999996,0.1727272727272727,174.21714285714285,1,Regular Customers,Encourage higher spending through promotions and cross-selling.
EH-14125,152,10,3082.64,96.27,0.2055555555555555,308.264,1,Regular Customers,Encourage higher spending through promotions and cross-selling.
EH-14185,105,6,923.88,242.13,0.2875,153.98,1,Regular Customers,Encourage higher spending through promotions and cross-selling.
EJ-13720,302,4,2162.1800000000003,387.02,0.175,540.5450000000001,2,At-Risk Customers,Use re-engagement campaigns and targeted promotions to encourage repeat purchases.
EJ-14155,57,5,2656.69,451.88,0.0625,531.338,1,Regular Customers,Encourage higher spending through promotions and cross-selling.
EK-13795,44,4,1303.48,97.1,0.0875,325.87,1,Regular Customers,Encourage higher spending through promotions and cross-selling.
EL-13735,77,2,124.28,27.11,0.0,62.14,1,Regular Customers,Encourage higher spending through promotions and cross-selling.
EM-13810,132,5,2567.0,-133.82,0.1428571428571428,513.4,1,Regular Customers,Encourage higher spending through promotions and cross-selling.
EM-13825,55,8,2339.6,682.56,0.0625,292.45,1,Regular Customers,Encourage higher spending through promotions and cross-selling.
EM-13960,151,5,933.7,102.29999999999998,0.2333333333333333,186.74,1,Regular Customers,Encourage higher spending through promotions and cross-selling.
EM-14065,47,4,228.99,40.150000000000006,0.25,57.2475,1,Regular Customers,Encourage higher spending through promotions and cross-selling.
EM-14095,113,4,1041.04,240.23,0.1,260.26,1,Regular Customers,Encourage higher spending through promotions and cross-selling.
EM-14140,48,6,4588.44,1319.37,0.0666666666666666,764.7399999999999,0,High-Value Customers,"Retain with loyalty programs, VIP benefits, and cross-selling."
EM-14200,158,3,366.83,21.78,0.125,122.27666666666666,1,Regular Customers,Encourage higher spending through promotions and cross-selling.
EN-13780,287,4,2199.36,496.11,0.0444444444444444,549.84,2,At-Risk Customers,Use re-engagement campaigns and targeted promotions to encourage repeat purchases.
EP-13915,12,17,5478.06,144.94,0.1974193548387096,322.2388235294118,1,Regular Customers,Encourage higher spending through promotions and cross-selling.
ER-13855,421,3,1245.79,-295.74,0.2,415.2633333333333,2,At-Risk Customers,Use re-engagement campaigns and targeted promotions to encourage repeat purchases.
ES-14020,40,5,3510.46,1003.3,0.125,702.092,1,Regular Customers,Encourage higher spending through promotions and cross-selling.
ES-14080,28,9,4657.93,246.68,0.26,517.5477777777778,1,Regular Customers,Encourage higher spending through promotions and cross-selling.
FA-14230,97,7,2984.05,520.53,0.2588235294117647,426.29285714285714,1,Regular Customers,Encourage higher spending through promotions and cross-selling.
FC-14245,70,7,3418.74,1217.18,0.1357142857142857,488.3914285714286,1,Regular Customers,Encourage higher spending through promotions and cross-selling.
FC-14335,184,7,3889.36,714.29,0.16,555.6228571428571,1,Regular Customers,Encourage higher spending through promotions and cross-selling.
FG-14260,34,7,1383.13,394.74,0.1181818181818181,197.59,1,Regular Customers,Encourage higher spending through promotions and cross-selling.
FH-14275,37,10,4256.28,1073.29,0.1285714285714286,425.628,1,Regular Customers,Encourage higher spending through promotions and cross-selling.
FH-14350,212,4,2271.29,706.2800000000001,0.1071428571428571,567.8225,1,Regular Customers,Encourage higher spending through promotions and cross-selling.
FH-14365,5,8,6987.2,2050.28,0.1384615384615384,873.4,0,High-Value Customers,"Retain with loyalty programs, VIP benefits, and cross-selling."
FM-14215,7,10,2456.64,249.68,0.0933333333333333,245.664,1,Regular Customers,Encourage higher spending through promotions and cross-selling.
FM-14290,36,9,3736.2,198.11,0.18,415.1333333333333,1,Regular Customers,Encourage higher spending through promotions and cross-selling.
FM-14380,145,9,2523.26,191.5,0.1571428571428571,280.3622222222223,1,Regular Customers,Encourage higher spending through promotions and cross-selling.
FO-14305,38,10,2678.4300000000003,215.59000000000003,0.22,267.843,1,Regular Customers,Encourage higher spending through promotions and cross-selling.
FP-14320,23,8,4046.75,406.46,0.1357142857142857,505.84375,1,Regular Customers,Encourage higher spending through promotions and cross-selling.
FW-14395,362,3,79.75,23.5,0.0,26.58333333333333,2,At-Risk Customers,Use re-engagement campaigns and targeted promotions to encourage repeat purchases.
GA-14515,149,8,3919.77,840.89,0.0642857142857143,489.97125,1,Regular Customers,Encourage higher spending through promotions and cross-selling.
GA-14725,5,11,1398.39,136.70000000000002,0.1795454545454545,127.12636363636362,1,Regular Customers,Encourage higher spending through promotions and cross-selling.
GB-14530,62,11,1568.44,7.850000000000008,0.1699999999999999,142.58545454545455,1,Regular Customers,Encourage higher spending through promotions and cross-selling.
GB-14575,13,5,4716.3,1135.84,0.0375,943.26,0,High-Value Customers,"Retain with loyalty programs, VIP benefits, and cross-selling."
GD-14590,5,4,1888.08,230.95,0.1333333333333333,472.02,1,Regular Customers,Encourage higher spending through promotions and cross-selling.
GG-14650,43,9,2223.99,12.68999999999999,0.15,247.11,1,Regular Customers,Encourage higher spending through promotions and cross-selling.
GH-14410,75,9,2819.46,-576.83,0.2705882352941176,313.2733333333333,1,Regular Customers,Encourage higher spending through promotions and cross-selling.
GH-14425,50,4,4172.84,1176.41,0.19,1043.21,1,Regular Customers,Encourage higher spending through promotions and cross-selling.
GH-14485,387,2,1361.24,-95.45,0.4666666666666666,680.62,2,At-Risk Customers,Use re-engagement campaigns and targeted promotions to encourage repeat purchases.
GH-14665,2,2,146.94,-5.809999999999999,0.24,73.47,1,Regular Customers,Encourage higher spending through promotions and cross-selling.
GK-14620,112,9,6497.280000000001,1448.56,0.1571428571428571,721.9200000000001,0,High-Value Customers,"Retain with loyalty programs, VIP benefits, and cross-selling."
GM-14440,83,7,3582.82,347.27,0.1181818181818181,511.83142857142855,1,Regular Customers,Encourage higher spending through promotions and cross-selling.
GM-14455,16,6,3078.63,793.29,0.1666666666666666,513.105,1,Regular Customers,Encourage higher spending through promotions and cross-selling.
GM-14500,106,10,1255.6799999999998,441.32,0.1153846153846153,125.56799999999998,1,Regular Customers,Encourage higher spending through promotions and cross-selling.
GM-14680,152,6,3163.63,35.47000000000001,0.1454545454545454,527.2716666666666,1,Regular Customers,Encourage higher spending through promotions and cross-selling.
GM-14695,117,3,6049.959999999999,188.72,0.0545454545454545,2016.653333333333,0,High-Value Customers,"Retain with loyalty programs, VIP benefits, and cross-selling."
GP-14740,765,2,236.53,31.840000000000003,0.1399999999999999,118.265,2,At-Risk Customers,Use re-engagement campaigns and targeted promotions to encourage repeat purchases.
GR-14560,1135,2,1284.38,359.83,0.0,642.19,2,At-Risk Customers,Use re-engagement campaigns and targeted promotions to encourage repeat purchases.
GT-14635,56,3,9351.2,-4108.66,0.25,3117.066666666666,0,High-Value Customers,"Retain with loyalty programs, VIP benefits, and cross-selling."
GT-14710,36,11,11820.12,2163.42,0.1,1074.5563636363638,0,High-Value Customers,"Retain with loyalty programs, VIP benefits, and cross-selling."
GT-14755,34,4,226.43,-6.139999999999996,0.2,56.6075,1,Regular Customers,Encourage higher spending through promotions and cross-selling.
GW-14605,28,7,2189.02,-268.54999999999995,0.1555555555555555,312.71714285714285,1,Regular Customers,Encourage higher spending through promotions and cross-selling.
GZ-14470,7,9,4355.150000000001,1087.75,0.0785714285714285,483.9055555555556,1,Regular Customers,Encourage higher spending through promotions and cross-selling.
GZ-14545,157,4,2454.62,828.6600000000001,0.04,613.655,1,Regular Customers,Encourage higher spending through promotions and cross-selling.
HA-14905,69,7,2163.32,270.86,0.2299999999999999,309.04571428571427,1,Regular Customers,Encourage higher spending through promotions and cross-selling.
HA-14920,20,8,2584.17,99.13999999999996,0.2,323.02125,1,Regular Customers,Encourage higher spending through promotions and cross-selling.
HD-14785,769,3,251.36,-135.89,0.3,83.78666666666668,2,At-Risk Customers,Use re-engagement campaigns and targeted promotions to encourage repeat purchases.
HE-14800,12,4,883.53,274.4,0.0181818181818181,220.8825,1,Regular Customers,Encourage higher spending through promotions and cross-selling.
HF-14995,21,7,2533.16,-13.86999999999999,0.131578947368421,361.88,1,Regular Customers,Encourage higher spending through promotions and cross-selling.
HG-14845,54,5,785.62,147.01,0.19,157.124,1,Regular Customers,Encourage higher spending through promotions and cross-selling.
HG-14965,23,12,3247.65,-2797.9500000000003,0.1705882352941176,270.6375,1,Regular Customers,Encourage higher spending through promotions and cross-selling.
HG-15025,6,7,3690.28,804.6200000000001,0.1727272727272727,527.1828571428571,1,Regular Customers,Encourage higher spending through promotions and cross-selling.
HH-15010,72,2,218.67,86.73,0.0333333333333333,109.335,1,Regular Customers,Encourage higher spending through promotions and cross-selling.
HJ-14875,126,5,358.1,98.67,0.1,71.62,1,Regular Customers,Encourage higher spending through promotions and cross-selling.
HK-14890,151,8,4877.8,956.97,0.2133333333333333,609.725,1,Regular Customers,Encourage higher spending through promotions and cross-selling.
HL-15040,43,6,12873.3,5622.429999999999,0.0181818181818181,2145.55,0,High-Value Customers,"Retain with loyalty programs, VIP benefits, and cross-selling."
HM-14860,2,10,8236.76,2437.97,0.231,823.676,0,High-Value Customers,"Retain with loyalty programs, VIP benefits, and cross-selling."
HM-14980,247,4,736.28,117.27,0.1714285714285714,184.07,2,At-Risk Customers,Use re-engagement campaigns and targeted promotions to encourage repeat purchases.
HP-14815,30,7,1990.31,373.87,0.3,284.33000000000004,1,Regular Customers,Encourage higher spending through promotions and cross-selling.
HR-14770,13,5,1299.29,185.58,0.0461538461538461,259.858,1,Regular Customers,Encourage higher spending through promotions and cross-selling.
HR-14830,159,7,5248.8,1196.95,0.0999999999999999,749.8285714285714,0,High-Value Customers,"Retain with loyalty programs, VIP benefits, and cross-selling."
HW-14935,117,8,9300.25,2164.17,0.045,1162.53125,0,High-Value Customers,"Retain with loyalty programs, VIP benefits, and cross-selling."
HZ-14950,35,5,886.5199999999999,-130.39,0.1999999999999999,177.30399999999997,1,Regular Customers,Encourage higher spending through promotions and cross-selling.
IG-15085,71,4,744.5699999999999,320.49,0.0285714285714285,186.1425,1,Regular Customers,Encourage higher spending through promotions and cross-selling.
IL-15100,142,7,5040.74,1121.93,0.0714285714285714,720.1057142857143,0,High-Value Customers,"Retain with loyalty programs, VIP benefits, and cross-selling."
IM-15055,409,3,2872.63,975.78,0.1,957.5433333333334,2,At-Risk Customers,Use re-engagement campaigns and targeted promotions to encourage repeat purchases.
IM-15070,390,7,4930.49,514.6600000000001,0.1666666666666666,704.3557142857143,1,Regular Customers,Encourage higher spending through promotions and cross-selling.
JA-15970,92,8,6491.03,-819.42,0.2125,811.37875,1,Regular Customers,Encourage higher spending through promotions and cross-selling.
JB-15400,7,10,1791.62,156.05,0.20625,179.16199999999998,1,Regular Customers,Encourage higher spending through promotions and cross-selling.
JB-15925,737,3,900.55,-286.98,0.3,300.18333333333334,2,At-Risk Customers,Use re-engagement campaigns and targeted promotions to encourage repeat purchases.
JB-16000,43,7,644.12,126.76,0.0742857142857142,92.01714285714286,1,Regular Customers,Encourage higher spending through promotions and cross-selling.
JB-16045,7,5,2518.11,201.52,0.1888888888888889,503.622,1,Regular Customers,Encourage higher spending through promotions and cross-selling.
JC-15340,114,4,71.27,-0.3500000000000001,0.2249999999999999,17.8175,1,Regular Customers,Encourage higher spending through promotions and cross-selling.
JC-15385,175,1,1058.11,502.93,0.05,1058.11,2,At-Risk Customers,Use re-engagement campaigns and targeted promotions to encourage repeat purchases.
JC-15775,158,9,2772.06,279.58,0.121875,308.00666666666666,1,Regular Customers,Encourage higher spending through promotions and cross-selling.
JC-16105,57,5,858.5699999999999,201.6,0.0444444444444444,171.714,1,Regular Customers,Encourage higher spending through promotions and cross-selling.
JD-15790,117,5,2152.35,-266.56,0.1714285714285714,430.47,1,Regular Customers,Encourage higher spending through promotions and cross-selling.
JD-15895,394,11,7610.87,1050.26,0.075,691.8972727272727,0,High-Value Customers,"Retain with loyalty programs, VIP benefits, and cross-selling."
JD-16015,112,6,385.43,26.76,0.3090909090909091,64.23833333333333,1,Regular Customers,Encourage higher spending through promotions and cross-selling.
JD-16060,300,3,695.4399999999999,111.12,0.0499999999999999,231.8133333333333,2,At-Risk Customers,Use re-engagement campaigns and targeted promotions to encourage repeat purchases.
JD-16150,41,8,8828.039999999999,1619.5500000000002,0.0558823529411764,1103.505,0,High-Value Customers,"Retain with loyalty programs, VIP benefits, and cross-selling."
JE-15475,193,6,1388.69,276.24,0.1846153846153846,231.44833333333332,1,Regular Customers,Encourage higher spending through promotions and cross-selling.
JE-15610,48,7,7754.97,1623.41,0.16,1107.8528571428571,0,High-Value Customers,"Retain with loyalty programs, VIP benefits, and cross-selling."
JE-15715,46,10,8697.86,1262.2800000000002,0.3227272727272727,869.7860000000001,0,High-Value Customers,"Retain with loyalty programs, VIP benefits, and cross-selling."
JE-15745,51,13,6760.81,221.77,0.1456521739130434,520.0623076923076,1,Regular Customers,Encourage higher spending through promotions and cross-selling.
JE-16165,20,3,2697.25,789.6499999999999,0.0285714285714285,899.0833333333334,1,Regular Customers,Encourage higher spending through promotions and cross-selling.
JF-15190,65,7,2279.59,575.12,0.1210526315789473,325.6557142857143,1,Regular Customers,Encourage higher spending through promotions and cross-selling.
JF-15295,225,5,955.12,97.29,0.1142857142857143,191.024,1,Regular Customers,Encourage higher spending through promotions and cross-selling.
JF-15355,105,6,1911.84,330.2,0.075,318.64000000000004,1,Regular Customers,Encourage higher spending through promotions and cross-selling.
JF-15415,2,6,2371.45,635.64,0.0714285714285714,395.2416666666666,1,Regular Customers,Encourage higher spending through promotions and cross-selling.
JF-15490,121,11,1082.92,-18.05,0.1466666666666666,98.44727272727272,1,Regular Customers,Encourage higher spending through promotions and cross-selling.
JF-15565,54,8,4198.32,1073.19,0.175,524.79,1,Regular Customers,Encourage higher spending through promotions and cross-selling.
JG-15115,758,3,2358.6600000000003,684.2,0.2428571428571428,786.2200000000001,2,At-Risk Customers,Use re-engagement campaigns and targeted promotions to encourage repeat purchases.
JG-15160,1,11,6366.4,1415.67,0.1111111111111111,578.7636363636364,0,High-Value Customers,"Retain with loyalty programs, VIP benefits, and cross-selling."
JG-15310,2,6,2240.58,3.8199999999999896,0.2545454545454545,373.43,1,Regular Customers,Encourage higher spending through promotions and cross-selling.
JG-15805,223,6,1507.02,206.1,0.0666666666666666,251.17,1,Regular Customers,Encourage higher spending through promotions and cross-selling.
JH-15430,5,4,309.29,-24.06,0.3142857142857143,77.32249999999999,1,Regular Customers,Encourage higher spending through promotions and cross-selling.
JH-15820,174,6,528.92,26.07,0.15,88.15333333333332,1,Regular Customers,Encourage higher spending through promotions and cross-selling.
JH-15910,41,7,959.48,-13.549999999999994,0.1444444444444444,137.06857142857143,1,Regular Customers,Encourage higher spending through promotions and cross-selling.
JH-15985,29,6,7954.99,-644.71,0.0857142857142857,1325.8316666666667,0,High-Value Customers,"Retain with loyalty programs, VIP benefits, and cross-selling."
JH-16180,404,4,2256.39,-96.96,0.22,564.0975,2,At-Risk Customers,Use re-engagement campaigns and targeted promotions to encourage repeat purchases.
JJ-15445,483,5,709.1700000000001,200.56,0.0666666666666666,141.834,2,At-Risk Customers,Use re-engagement campaigns and targeted promotions to encourage repeat purchases.
JJ-15760,753,2,195.0,34.46,0.0666666666666666,97.5,2,At-Risk Customers,Use re-engagement campaigns and targeted promotions to encourage repeat purchases.
JK-15205,61,5,4427.14,1219.98,0.1307692307692307,885.4280000000001,1,Regular Customers,Encourage higher spending through promotions and cross-selling.
JK-15325,287,3,383.81,55.33,0.1,127.93666666666664,2,At-Risk Customers,Use re-engagement campaigns and targeted promotions to encourage repeat purchases.
JK-15370,44,8,2709.62,330.29,0.1235294117647058,338.7025,1,Regular Customers,Encourage higher spending through promotions and cross-selling.
JK-15625,61,7,3760.03,750.9399999999999,0.1166666666666666,537.1471428571429,1,Regular Customers,Encourage higher spending through promotions and cross-selling.
JK-15640,180,9,4760.44,1172.53,0.1,528.9377777777777,1,Regular Customers,Encourage higher spending through promotions and cross-selling.
JK-15730,84,10,4867.21,55.050000000000026,0.3325,486.721,1,Regular Customers,Encourage higher spending through promotions and cross-selling.
JK-16090,28,3,3747.66,586.67,0.1999999999999999,1249.22,1,Regular Customers,Encourage higher spending through promotions and cross-selling.
JK-16120,117,10,2932.49,122.66000000000004,0.2058823529411764,293.249,1,Regular Customers,Encourage higher spending through promotions and cross-selling.
JL-15130,8,6,1214.95,-207.79,0.2666666666666666,202.49166666666667,1,Regular Customers,Encourage higher spending through promotions and cross-selling.
JL-15175,6,5,1571.52,209.28,0.2142857142857142,314.304,1,Regular Customers,Encourage higher spending through promotions and cross-selling.
JL-15235,119,5,2203.7,54.510000000000005,0.22,440.74,1,Regular Customers,Encourage higher spending through promotions and cross-selling.
JL-15505,49,6,3173.87,591.71,0.0705882352941176,528.9783333333334,1,Regular Customers,Encourage higher spending through promotions and cross-selling.
JL-15835,21,11,9799.94,228.92,0.088235294117647,890.9036363636365,0,High-Value Customers,"Retain with loyalty programs, VIP benefits, and cross-selling."
JL-15850,614,6,2725.25,779.9,0.2363636363636363,454.2083333333333,2,At-Risk Customers,Use re-engagement campaigns and targeted promotions to encourage repeat purchases.
JM-15250,37,6,3159.11,19.81,0.2894736842105263,526.5183333333333,1,Regular Customers,Encourage higher spending through promotions and cross-selling.
JM-15265,37,5,1804.14,502.63,0.1384615384615384,360.828,1,Regular Customers,Encourage higher spending through promotions and cross-selling.
JM-15535,102,7,1733.45,356.53,0.09,247.6357142857143,1,Regular Customers,Encourage higher spending through promotions and cross-selling.
JM-15580,0,5,303.94,113.12,0.1142857142857143,60.788,1,Regular Customers,Encourage higher spending through promotions and cross-selling.
JM-15655,8,5,864.95,117.20000000000002,0.1583333333333333,172.99,1,Regular Customers,Encourage higher spending through promotions and cross-selling.
JM-15865,109,7,7625.070000000001,1574.61,0.1846153846153846,1089.2957142857144,0,High-Value Customers,"Retain with loyalty programs, VIP benefits, and cross-selling."
JM-16195,57,10,2833.92,754.12,0.0631578947368421,283.392,1,Regular Customers,Encourage higher spending through promotions and cross-selling.
JO-15145,57,9,3254.9500000000003,581.41,0.073076923076923,361.6611111111112,1,Regular Customers,Encourage higher spending through promotions and cross-selling.
JO-15280,92,6,1934.27,202.14,0.1727272727272727,322.37833333333333,1,Regular Customers,Encourage higher spending through promotions and cross-selling.
JO-15550,215,5,1090.85,167.68,0.2363636363636363,218.17,1,Regular Customers,Encourage higher spending through promotions and cross-selling.
JP-15460,37,7,1669.13,429.74,0.14,238.44714285714284,1,Regular Customers,Encourage higher spending through promotions and cross-selling.
JP-15520,8,7,3635.59,757.19,0.059375,519.37,1,Regular Customers,Encourage higher spending through promotions and cross-selling.
JP-16135,102,9,1707.71,309.71,0.1538461538461538,189.7455555555556,1,Regular Customers,Encourage higher spending through promotions and cross-selling.
JR-15670,593,2,1156.66,-785.16,0.3,578.3299999999999,2,At-Risk Customers,Use re-engagement campaigns and targeted promotions to encourage repeat purchases.
JR-15700,68,1,863.88,107.99,0.2,863.88,1,Regular Customers,Encourage higher spending through promotions and cross-selling.
JR-16210,33,5,2201.69,452.37,0.22,440.338,1,Regular Customers,Encourage higher spending through promotions and cross-selling.
JS-15595,119,4,1417.65,-175.56,0.3125,354.4125,1,Regular Customers,Encourage higher spending through promotions and cross-selling.
JS-15685,42,4,1131.07,-54.86000000000001,0.209090909090909,282.7675,1,Regular Customers,Encourage higher spending through promotions and cross-selling.
JS-15880,534,5,3868.01,564.97,0.1466666666666666,773.602,2,At-Risk Customers,Use re-engagement campaigns and targeted promotions to encourage repeat purchases.
JS-15940,463,5,469.16,-327.93,0.3375,93.832,2,At-Risk Customers,Use re-engagement campaigns and targeted promotions to encourage repeat purchases.
JS-16030,28,6,2516.49,-311.24999999999994,0.1833333333333333,419.415,1,Regular Customers,Encourage higher spending through promotions and cross-selling.
JW-15220,42,6,7721.71,2173.71,0.0714285714285714,1286.9516666666666,0,High-Value Customers,"Retain with loyalty programs, VIP benefits, and cross-selling."
JW-15955,5,7,1244.09,-29.57999999999999,0.0818181818181818,177.72714285714284,1,Regular Customers,Encourage higher spending through promotions and cross-selling.
JW-16075,461,4,1428.73,154.06,0.3285714285714285,357.1825,2,At-Risk Customers,Use re-engagement campaigns and targeted promotions to encourage repeat purchases.
KA-16525,36,7,1519.51,234.91,0.0545454545454545,217.07285714285717,1,Regular Customers,Encourage higher spending through promotions and cross-selling.
KB-16240,4,7,3152.61,763.9200000000001,0.15,450.3728571428572,1,Regular Customers,Encourage higher spending through promotions and cross-selling.
KB-16315,296,9,1569.45,49.720000000000006,0.1954545454545454,174.38333333333333,1,Regular Customers,Encourage higher spending through promotions and cross-selling.
KB-16405,117,3,908.82,274.28,0.0444444444444444,302.94,1,Regular Customers,Encourage higher spending through promotions and cross-selling.
KB-16585,230,12,2744.74,579.36,0.108695652173913,228.72833333333332,1,Regular Customers,Encourage higher spending through promotions and cross-selling.
KB-16600,1,7,983.93,293.56,0.2666666666666667,140.5614285714286,1,Regular Customers,Encourage higher spending through promotions and cross-selling.
KC-16255,407,6,2120.9500000000003,846.12,0.02,353.4916666666668,2,At-Risk Customers,Use re-engagement campaigns and targeted promotions to encourage repeat purchases.
KC-16540,97,4,3908.27,709.4300000000001,0.2,977.0675,1,Regular Customers,Encourage higher spending through promotions and cross-selling.
KC-16675,57,4,1146.05,156.77,0.0857142857142857,286.5125,1,Regular Customers,Encourage higher spending through promotions and cross-selling.
KD-16270,484,5,8282.36,1107.6999999999996,0.1875,1656.4720000000002,0,High-Value Customers,"Retain with loyalty programs, VIP benefits, and cross-selling."
KD-16345,41,6,1888.96,328.59,0.13,314.82666666666665,1,Regular Customers,Encourage higher spending through promotions and cross-selling.
KD-16495,112,12,8181.240000000001,3038.58,0.0875,681.7700000000001,0,High-Value Customers,"Retain with loyalty programs, VIP benefits, and cross-selling."
KD-16615,289,5,2243.51,539.72,0.1076923076923077,448.702,1,Regular Customers,Encourage higher spending through promotions and cross-selling.
KE-16420,26,8,1686.73,397.89,0.2146666666666666,210.84125,1,Regular Customers,Encourage higher spending through promotions and cross-selling.
KF-16285,97,7,10604.26,1660.12,0.0333333333333333,1514.8942857142858,0,High-Value Customers,"Retain with loyalty programs, VIP benefits, and cross-selling."
KH-16330,40,8,3312.87,454.79,0.1388888888888889,414.10875,1,Regular Customers,Encourage higher spending through promotions and cross-selling.
KH-16360,1,6,3100.6,528.2,0.15,516.7666666666667,1,Regular Customers,Encourage higher spending through promotions and cross-selling.
KH-16510,22,7,5952.860000000001,656.12,0.108695652173913,850.4085714285715,0,High-Value Customers,"Retain with loyalty programs, VIP benefits, and cross-selling."
KH-16630,58,9,3918.96,727.38,0.1058823529411764,435.44,1,Regular Customers,Encourage higher spending through promotions and cross-selling.
KH-16690,2,7,5990.79,1227.51,0.1266666666666666,855.8271428571428,0,High-Value Customers,"Retain with loyalty programs, VIP benefits, and cross-selling."
KL-16555,16,8,5016.47,-182.79,0.2954545454545454,627.05875,1,Regular Customers,Encourage higher spending through promotions and cross-selling.
KL-16645,47,12,14175.23,806.84,0.1999999999999999,1181.2691666666667,0,High-Value Customers,"Retain with loyalty programs, VIP benefits, and cross-selling."
KM-16225,14,6,2260.95,635.12,0.0210526315789473,376.825,1,Regular Customers,Encourage higher spending through promotions and cross-selling.
KM-16375,56,8,5620.18,973.78,0.1399999999999999,702.5225,0,High-Value Customers,"Retain with loyalty programs, VIP benefits, and cross-selling."
KM-16660,15,5,453.54,91.15,0.0444444444444444,90.708,1,Regular Customers,Encourage higher spending through promotions and cross-selling.
KM-16720,28,8,4909.47,745.77,0.0892857142857142,613.68375,1,Regular Customers,Encourage higher spending through promotions and cross-selling.
KN-16390,19,9,2617.29,-151.15000000000003,0.2176470588235294,290.81,1,Regular Customers,Encourage higher spending through promotions and cross-selling.
KN-16450,52,5,2171.97,114.3,0.28125,434.394,1,Regular Customers,Encourage higher spending through promotions and cross-selling.
KN-16705,98,8,2280.58,329.77000000000004,0.12,285.0725,1,Regular Customers,Encourage higher spending through promotions and cross-selling.
KS-16300,295,3,88.47,0.1100000000000003,0.275,29.49,2,At-Risk Customers,Use re-engagement campaigns and targeted promotions to encourage repeat purchases.
KT-16465,391,7,3057.1,254.02,0.2285714285714286,436.7285714285714,2,At-Risk Customers,Use re-engagement campaigns and targeted promotions to encourage repeat purchases.
KT-16480,100,10,4642.1,194.07,0.1476923076923076,464.21,1,Regular Customers,Encourage higher spending through promotions and cross-selling.
KW-16435,96,5,4416.52,1756.14,0.11,883.3040000000001,0,High-Value Customers,"Retain with loyalty programs, VIP benefits, and cross-selling."
KW-16570,771,4,449.1,107.93,0.04,112.275,2,At-Risk Customers,Use re-engagement campaigns and targeted promotions to encourage repeat purchases.
LA-16780,154,11,8673.23,2059.13,0.1153846153846153,788.4754545454545,0,High-Value Customers,"Retain with loyalty programs, VIP benefits, and cross-selling."
LB-16735,48,3,50.19,18.65,0.2666666666666666,16.73,1,Regular Customers,Encourage higher spending through promotions and cross-selling.
LB-16795,152,8,4985.68,-52.169999999999945,0.2375,623.21,1,Regular Customers,Encourage higher spending through promotions and cross-selling.
LC-16870,27,8,2580.71,-188.26,0.24,322.58875,1,Regular Customers,Encourage higher spending through promotions and cross-selling.
LC-16885,16,12,7663.13,1288.36,0.1565217391304348,638.5941666666666,0,High-Value Customers,"Retain with loyalty programs, VIP benefits, and cross-selling."
LC-16930,41,8,4492.9400000000005,288.28,0.1714285714285714,561.6175000000001,1,Regular Customers,Encourage higher spending through promotions and cross-selling.
LC-16960,436,4,3246.63,299.47,0.2857142857142857,811.6575,2,At-Risk Customers,Use re-engagement campaigns and targeted promotions to encourage repeat purchases.
LC-17050,54,5,2095.06,86.76999999999998,0.2722222222222222,419.012,1,Regular Customers,Encourage higher spending through promotions and cross-selling.
LC-17140,13,9,2633.57,231.12,0.1842105263157894,292.61888888888893,1,Regular Customers,Encourage higher spending through promotions and cross-selling.
LD-16855,552,1,5.3,0.46,0.2,5.3,2,At-Risk Customers,Use re-engagement campaigns and targeted promotions to encourage repeat purchases.
LD-17005,414,4,1961.93,557.15,0.0285714285714285,490.4825,2,At-Risk Customers,Use re-engagement campaigns and targeted promotions to encourage repeat purchases.
LE-16810,21,6,1469.45,161.75,0.2555555555555556,244.90833333333333,1,Regular Customers,Encourage higher spending through promotions and cross-selling.
LF-17185,22,7,3930.52,-3583.97,0.31875,561.5028571428571,1,Regular Customers,Encourage higher spending through promotions and cross-selling.
LH-16750,151,3,287.43,12.63,0.3666666666666667,95.81,2,At-Risk Customers,Use re-engagement campaigns and targeted promotions to encourage repeat purchases.
LH-16900,21,9,2295.32,526.0699999999999,0.1266666666666666,255.0355555555556,1,Regular Customers,Encourage higher spending through promotions and cross-selling.
LH-17020,239,4,318.23,-242.75,0.4666666666666666,79.5575,2,At-Risk Customers,Use re-engagement campaigns and targeted promotions to encourage repeat purchases.
LH-17155,385,9,1739.69,316.54,0.0789473684210526,193.29888888888888,1,Regular Customers,Encourage higher spending through promotions and cross-selling.
LL-16840,249,6,2741.2,560.02,0.0166666666666666,456.8666666666666,1,Regular Customers,Encourage higher spending through promotions and cross-selling.
LM-17065,391,5,1346.78,-44.88000000000001,0.0571428571428571,269.356,2,At-Risk Customers,Use re-engagement campaigns and targeted promotions to encourage repeat purchases.
LO-17170,2,5,644.35,150.16,0.2555555555555555,128.87,1,Regular Customers,Encourage higher spending through promotions and cross-selling.
LP-17080,40,4,756.6,110.79,0.1111111111111111,189.15,1,Regular Customers,Encourage higher spending through promotions and cross-selling.
LP-17095,9,7,3653.4,338.45,0.1866666666666666,521.9142857142857,1,Regular Customers,Encourage higher spending through promotions and cross-selling.
LR-16915,26,6,5142.89,535.49,0.175,857.1483333333334,1,Regular Customers,Encourage higher spending through promotions and cross-selling.
LR-17035,132,5,1879.3,-382.8,0.2749999999999999,375.86,1,Regular Customers,Encourage higher spending through promotions and cross-selling.
LS-16945,178,6,2845.27,-318.76,0.3071428571428571,474.2116666666666,1,Regular Customers,Encourage higher spending through promotions and cross-selling.
LS-16975,20,9,2988.65,262.62,0.2818181818181818,332.07222222222225,1,Regular Customers,Encourage higher spending through promotions and cross-selling.
LS-17200,96,6,1010.25,244.19,0.2,168.375,1,Regular Customers,Encourage higher spending through promotions and cross-selling.
LS-17230,777,3,368.88,39.19,0.1166666666666666,122.96,2,At-Risk Customers,Use re-engagement campaigns and targeted promotions to encourage repeat purchases.
LS-17245,34,6,1008.14,348.36,0.0833333333333333,168.02333333333334,1,Regular Customers,Encourage higher spending through promotions and cross-selling.
LT-16765,26,3,329.87,59.04,0.1333333333333333,109.95666666666666,1,Regular Customers,Encourage higher spending through promotions and cross-selling.
LT-17110,34,8,2936.26,320.98,0.2464285714285714,367.0325,1,Regular Customers,Encourage higher spending through promotions and cross-selling.
LW-16825,88,5,2238.06,32.57000000000002,0.2066666666666666,447.612,1,Regular Customers,Encourage higher spending through promotions and cross-selling.
LW-16990,33,6,3230.3,662.8299999999999,0.1090909090909091,538.3833333333333,1,Regular Customers,Encourage higher spending through promotions and cross-selling.
LW-17125,205,3,1259.04,192.63,0.0,419.68,1,Regular Customers,Encourage higher spending through promotions and cross-selling.
LW-17215,21,7,5420.52,837.24,0.1666666666666666,774.3599999999999,1,Regular Customers,Encourage higher spending through promotions and cross-selling.
MA-17560,64,11,4299.16,1240.23,0.0941176470588235,390.83272727272725,1,Regular Customers,Encourage higher spending through promotions and cross-selling.
MA-17995,186,6,2453.2900000000004,280.78000000000003,0.0416666666666666,408.8816666666667,1,Regular Customers,Encourage higher spending through promotions and cross-selling.
MB-17305,48,10,1548.71,212.43,0.1736842105263157,154.871,1,Regular Customers,Encourage higher spending through promotions and cross-selling.
MB-18085,44,7,1428.24,117.8,0.2,204.0342857142857,1,Regular Customers,Encourage higher spending through promotions and cross-selling.
MC-17275,76,8,2725.98,461.02,0.1307692307692307,340.7475,1,Regular Customers,Encourage higher spending through promotions and cross-selling.
MC-17425,399,5,4432.139999999999,1802.4,0.12,886.4279999999999,0,High-Value Customers,"Retain with loyalty programs, VIP benefits, and cross-selling."
MC-17575,27,8,1303.89,210.74,0.2909090909090909,162.98625,1,Regular Customers,Encourage higher spending through promotions and cross-selling.
MC-17590,51,6,2426.07,288.99,0.1705882352941176,404.345,1,Regular Customers,Encourage higher spending through promotions and cross-selling.
MC-17605,112,8,2258.2,195.45,0.2222222222222222,282.275,1,Regular Customers,Encourage higher spending through promotions and cross-selling.
MC-17635,189,4,795.15,-247.94000000000003,0.175,198.7875,1,Regular Customers,Encourage higher spending through promotions and cross-selling.
MC-17845,1,7,3805.71,698.42,0.0999999999999999,543.6728571428572,1,Regular Customers,Encourage higher spending through promotions and cross-selling.
MC-18100,41,10,2218.99,-64.16999999999999,0.2684210526315789,221.899,1,Regular Customers,Encourage higher spending through promotions and cross-selling.
MC-18130,369,5,1581.99,121.74,0.0545454545454545,316.398,2,At-Risk Customers,Use re-engagement campaigns and targeted promotions to encourage repeat purchases.
MD-17350,117,7,3766.4,-241.98,0.3294117647058823,538.0571428571428,1,Regular Customers,Encourage higher spending through promotions and cross-selling.
MD-17860,36,5,1204.91,-4.030000000000001,0.2875,240.98200000000003,1,Regular Customers,Encourage higher spending through promotions and cross-selling.
ME-17320,42,10,10663.73,1859.45,0.1318181818181818,1066.373,0,High-Value Customers,"Retain with loyalty programs, VIP benefits, and cross-selling."
ME-17725,28,8,1908.45,77.81000000000002,0.2246153846153846,238.55625,1,Regular Customers,Encourage higher spending through promotions and cross-selling.
ME-18010,92,4,1256.95,107.35,0.1666666666666666,314.2375,1,Regular Customers,Encourage higher spending through promotions and cross-selling.
MF-17665,421,5,937.05,-341.53,0.1374999999999999,187.41,2,At-Risk Customers,Use re-engagement campaigns and targeted promotions to encourage repeat purchases.
MF-18250,7,5,1758.3,456.86,0.0666666666666666,351.66,1,Regular Customers,Encourage higher spending through promotions and cross-selling.
MG-17650,29,7,3785.28,341.91,0.1285714285714286,540.7542857142857,1,Regular Customers,Encourage higher spending through promotions and cross-selling.
MG-17680,92,4,2350.2000000000003,25.89,0.225,587.5500000000001,1,Regular Customers,Encourage higher spending through promotions and cross-selling.
MG-17695,555,3,1342.29,-398.8,0.2571428571428572,447.43,2,At-Risk Customers,Use re-engagement campaigns and targeted promotions to encourage repeat purchases.
MG-17875,116,5,1242.84,-470.77,0.2428571428571428,248.568,1,Regular Customers,Encourage higher spending through promotions and cross-selling.
MG-17890,99,9,776.39,171.74,0.1192307692307692,86.26555555555555,1,Regular Customers,Encourage higher spending through promotions and cross-selling.
MG-18145,84,4,3061.54,-93.63,0.1875,765.385,1,Regular Customers,Encourage higher spending through promotions and cross-selling.
MG-18205,264,1,16.740000000000002,-1.2399999999999998,0.4499999999999999,16.740000000000002,2,At-Risk Customers,Use re-engagement campaigns and targeted promotions to encourage repeat purchases.
MH-17290,119,6,2394.02,28.76999999999999,0.1884615384615384,399.0033333333333,1,Regular Customers,Encourage higher spending through promotions and cross-selling.
MH-17440,376,4,400.02,61.43,0.0777777777777777,100.005,2,At-Risk Customers,Use re-engagement campaigns and targeted promotions to encourage repeat purchases.
MH-17455,85,8,2456.1800000000003,484.79,0.1636363636363636,307.02250000000004,1,Regular Customers,Encourage higher spending through promotions and cross-selling.
MH-17620,155,4,1252.8,122.35,0.2333333333333333,313.2,1,Regular Customers,Encourage higher spending through promotions and cross-selling.
MH-17785,98,7,2203.78,238.56,0.0727272727272727,314.8257142857143,1,Regular Customers,Encourage higher spending through promotions and cross-selling.
MH-18025,49,5,2984.95,476.9,0.13,596.99,1,Regular Customers,Encourage higher spending through promotions and cross-selling.
MH-18115,5,9,5503.09,170.98000000000002,0.1681818181818181,611.4544444444444,1,Regular Customers,Encourage higher spending through promotions and cross-selling.
MJ-17740,22,7,6320.75,1054.54,0.2133333333333333,902.9642857142856,0,High-Value Customers,"Retain with loyalty programs, VIP benefits, and cross-selling."
MK-17905,28,8,2302.36,-405.3399999999999,0.3,287.795,1,Regular Customers,Encourage higher spending through promotions and cross-selling.
MK-18160,240,4,1031.6,227.84,0.0818181818181818,257.90000000000003,2,At-Risk Customers,Use re-engagement campaigns and targeted promotions to encourage repeat purchases.
ML-17395,69,9,2722.84,684.93,0.1725,302.5377777777778,1,Regular Customers,Encourage higher spending through promotions and cross-selling.
ML-17410,54,6,2921.51,-76.17999999999996,0.1666666666666666,486.9183333333333,1,Regular Customers,Encourage higher spending through promotions and cross-selling.
ML-17755,29,7,2071.91,409.51,0.1076923076923077,295.9871428571428,1,Regular Customers,Encourage higher spending through promotions and cross-selling.
ML-18040,79,3,742.08,138.71,0.25,247.36,1,Regular Customers,Encourage higher spending through promotions and cross-selling.
ML-18265,100,2,162.23000000000002,42.67,0.0666666666666666,81.11500000000001,1,Regular Customers,Encourage higher spending through promotions and cross-selling.
MM-17260,168,4,1314.02,178.41,0.1333333333333333,328.505,1,Regular Customers,Encourage higher spending through promotions and cross-selling.
MM-17920,7,11,3794.07,82.11999999999995,0.18125,344.91545454545457,1,Regular Customers,Encourage higher spending through promotions and cross-selling.
MM-18055,61,8,2749.87,-520.3599999999999,0.2105263157894736,343.73375,1,Regular Customers,Encourage higher spending through promotions and cross-selling.
MM-18280,85,9,775.41,58.89,0.1416666666666666,86.15666666666667,1,Regular Customers,Encourage higher spending through promotions and cross-selling.
MN-17935,34,6,2477.94,290.82,0.26,412.99,1,Regular Customers,Encourage higher spending through promotions and cross-selling.
MO-17500,72,4,922.49,59.360000000000014,0.22,230.6225,1,Regular Customers,Encourage higher spending through promotions and cross-selling.
MO-17800,104,8,1687.03,169.34,0.1636363636363636,210.87875,1,Regular Customers,Encourage higher spending through promotions and cross-selling.
MO-17950,180,2,154.29,-82.01,0.35,77.145,2,At-Risk Customers,Use re-engagement campaigns and targeted promotions to encourage repeat purchases.
MP-17470,719,7,3206.12,600.3,0.1214285714285714,458.01714285714286,2,At-Risk Customers,Use re-engagement campaigns and targeted promotions to encourage repeat purchases.
MP-17965,72,9,3983.65,638.15,0.255,442.6277777777778,1,Regular Customers,Encourage higher spending through promotions and cross-selling.
MP-18175,16,9,5087.93,226.48,0.1552631578947368,565.3255555555556,1,Regular Customers,Encourage higher spending through promotions and cross-selling.
MR-17545,125,4,639.1800000000001,162.94,0.2,159.79500000000002,1,Regular Customers,Encourage higher spending through promotions and cross-selling.
MS-17365,273,10,7443.68,844.9499999999999,0.1604166666666666,744.368,0,High-Value Customers,"Retain with loyalty programs, VIP benefits, and cross-selling."
MS-17530,434,4,475.66,84.02,0.1571428571428571,118.915,2,At-Risk Customers,Use re-engagement campaigns and targeted promotions to encourage repeat purchases.
MS-17710,413,6,1613.39,247.43,0.22,268.89833333333337,2,At-Risk Customers,Use re-engagement campaigns and targeted promotions to encourage repeat purchases.
MS-17770,121,9,3144.67,280.86,0.0999999999999999,349.40777777777777,1,Regular Customers,Encourage higher spending through promotions and cross-selling.
MS-17830,452,4,370.34,19.43,0.18,92.585,2,At-Risk Customers,Use re-engagement campaigns and targeted promotions to encourage repeat purchases.
MS-17980,26,6,855.12,55.23,0.1727272727272727,142.52,1,Regular Customers,Encourage higher spending through promotions and cross-selling.
MT-17815,49,6,2890.14,509.02,0.1299999999999999,481.69,1,Regular Customers,Encourage higher spending through promotions and cross-selling.
MT-18070,203,4,1319.44,-23.680000000000007,0.2427272727272727,329.86,1,Regular Customers,Encourage higher spending through promotions and cross-selling.
MV-17485,27,9,1560.03,189.01,0.24,173.33666666666667,1,Regular Customers,Encourage higher spending through promotions and cross-selling.
MV-18190,19,7,1734.58,273.84000000000003,0.0863636363636363,247.7971428571429,1,Regular Customers,Encourage higher spending through promotions and cross-selling.
MW-18220,17,7,5341.900000000001,1238.43,0.0785714285714285,763.1285714285715,0,High-Value Customers,"Retain with loyalty programs, VIP benefits, and cross-selling."
MW-18235,44,2,5253.88,1665.52,0.0666666666666666,2626.94,0,High-Value Customers,"Retain with loyalty programs, VIP benefits, and cross-selling."
MY-17380,29,7,2254.29,319.14,0.3076923076923077,322.0414285714286,1,Regular Customers,Encourage higher spending through promotions and cross-selling.
MY-18295,71,11,4152.7,-371.71,0.2438095238095238,377.5181818181818,1,Regular Customers,Encourage higher spending through promotions and cross-selling.
MZ-17335,30,4,593.61,85.02000000000001,0.0666666666666666,148.4025,1,Regular Customers,Encourage higher spending through promotions and cross-selling.
MZ-17515,282,6,2564.89,787.75,0.2799999999999999,427.4816666666666,1,Regular Customers,Encourage higher spending through promotions and cross-selling.
NB-18580,1165,2,273.87,24.79,0.1,136.935,2,At-Risk Customers,Use re-engagement campaigns and targeted promotions to encourage repeat purchases.
NB-18655,19,9,1972.61,117.64,0.1735294117647059,219.17888888888888,1,Regular Customers,Encourage higher spending through promotions and cross-selling.
NC-18340,224,5,2461.41,580.31,0.0411764705882353,492.282,1,Regular Customers,Encourage higher spending through promotions and cross-selling.
NC-18415,41,6,2218.99,-2204.8100000000004,0.2642857142857143,369.8316666666667,1,Regular Customers,Encourage higher spending through promotions and cross-selling.
NC-18535,6,7,8241.74,1314.77,0.1366666666666666,1177.3914285714286,0,High-Value Customers,"Retain with loyalty programs, VIP benefits, and cross-selling."
NC-18625,204,5,1821.75,-359.02,0.2444444444444444,364.35,1,Regular Customers,Encourage higher spending through promotions and cross-selling.
ND-18370,27,9,4326.14,353.64,0.2111111111111111,480.6822222222223,1,Regular Customers,Encourage higher spending through promotions and cross-selling.
ND-18460,183,6,2893.46,443.34,0.0875,482.2433333333333,1,Regular Customers,Encourage higher spending through promotions and cross-selling.
NF-18385,79,7,8322.82,-1695.9599999999996,0.25,1188.9742857142858,1,Regular Customers,Encourage higher spending through promotions and cross-selling.
NF-18475,525,4,377.17,85.92,0.25,94.2925,2,At-Risk Customers,Use re-engagement campaigns and targeted promotions to encourage repeat purchases.
NF-18595,114,7,2031.48,388.2,0.1166666666666666,290.2114285714286,1,Regular Customers,Encourage higher spending through promotions and cross-selling.
NG-18355,48,5,1869.57,313.63,0.0875,373.914,1,Regular Customers,Encourage higher spending through promotions and cross-selling.
NG-18430,48,5,1395.94,217.1,0.1111111111111111,279.188,1,Regular Customers,Encourage higher spending through promotions and cross-selling.
NH-18610,189,7,2673.29,760.1700000000001,0.0545454545454545,381.8985714285714,1,Regular Customers,Encourage higher spending through promotions and cross-selling.
NK-18490,70,7,572.0500000000001,121.23,0.1272727272727273,81.72142857142858,1,Regular Customers,Encourage higher spending through promotions and cross-selling.
NL-18310,58,4,1418.0800000000002,343.64,0.06,354.52000000000004,1,Regular Customers,Encourage higher spending through promotions and cross-selling.
NM-18445,160,7,6459.34,2751.69,0.0428571428571428,922.7628571428572,0,High-Value Customers,"Retain with loyalty programs, VIP benefits, and cross-selling."
NM-18520,244,10,2161.98,788.95,0.26,216.198,1,Regular Customers,Encourage higher spending through promotions and cross-selling.
NP-18325,25,6,5529.62,1208.91,0.0571428571428571,921.6033333333334,0,High-Value Customers,"Retain with loyalty programs, VIP benefits, and cross-selling."
NP-18670,58,5,3908.4,514.6,0.02,781.6800000000001,1,Regular Customers,Encourage higher spending through promotions and cross-selling.
NP-18685,406,6,1228.7,514.5,0.1857142857142857,204.78333333333333,2,At-Risk Customers,Use re-engagement campaigns and targeted promotions to encourage repeat purchases.
NP-18700,138,7,7903.18,631.23,0.1961538461538461,1129.0257142857142,0,High-Value Customers,"Retain with loyalty programs, VIP benefits, and cross-selling."
NR-18550,210,5,2367.27,-25.130000000000024,0.223076923076923,473.454,1,Regular Customers,Encourage higher spending through promotions and cross-selling.
NS-18505,6,4,2575.87,-12.310000000000006,0.2066666666666666,643.9675,1,Regular Customers,Encourage higher spending through promotions and cross-selling.
NS-18640,174,13,2964.82,-234.76,0.2153846153846153,228.06307692307692,1,Regular Customers,Encourage higher spending through promotions and cross-selling.
NW-18400,172,7,7234.02,1023.12,0.2136363636363636,1033.4314285714286,0,High-Value Customers,"Retain with loyalty programs, VIP benefits, and cross-selling."
NZ-18565,85,9,2488.33,402.42,0.175,276.4811111111111,1,Regular Customers,Encourage higher spending through promotions and cross-selling.
ON-18715,410,9,1567.52,-5.879999999999996,0.16,174.1688888888889,1,Regular Customers,Encourage higher spending through promotions and cross-selling.
OT-18730,65,5,3818.62,-925.13,0.1599999999999999,763.7239999999999,1,Regular Customers,Encourage higher spending through promotions and cross-selling.
PA-19060,103,6,729.41,225.86,0.1857142857142857,121.56833333333331,1,Regular Customers,Encourage higher spending through promotions and cross-selling.
PB-18805,25,3,740.36,229.23,0.12,246.78666666666663,1,Regular Customers,Encourage higher spending through promotions and cross-selling.
PB-19105,57,4,688.3299999999999,218.16,0.12,172.08249999999998,1,Regular Customers,Encourage higher spending through promotions and cross-selling.
PB-19150,97,8,1456.95,280.66,0.1272727272727273,182.11875,1,Regular Customers,Encourage higher spending through promotions and cross-selling.
PB-19210,688,2,132.74,21.9,0.1,66.37,2,At-Risk Customers,Use re-engagement campaigns and targeted promotions to encourage repeat purchases.
PC-18745,2,4,1832.07,272.68,0.22,458.0175,1,Regular Customers,Encourage higher spending through promotions and cross-selling.
PC-19000,882,2,1061.49,-184.34,0.1333333333333333,530.745,2,At-Risk Customers,Use re-engagement campaigns and targeted promotions to encourage repeat purchases.
PF-19120,835,4,9062.86,-614.3,0.1210526315789473,2265.715,0,High-Value Customers,"Retain with loyalty programs, VIP benefits, and cross-selling."
PF-19165,196,6,2770.0,196.88,0.05,461.6666666666667,1,Regular Customers,Encourage higher spending through promotions and cross-selling.
PF-19225,114,5,2206.12,591.3,0.06,441.224,1,Regular Customers,Encourage higher spending through promotions and cross-selling.
PG-18820,36,13,3086.9,137.48000000000002,0.1692307692307692,237.45384615384617,1,Regular Customers,Encourage higher spending through promotions and cross-selling.
PG-18895,57,9,1987.15,334.51,0.0941176470588235,220.79444444444445,1,Regular Customers,Encourage higher spending through promotions and cross-selling.
PH-18790,70,1,729.6500000000001,47.89,0.2,729.6500000000001,1,Regular Customers,Encourage higher spending through promotions and cross-selling.
PJ-18835,39,8,1220.1,442.14,0.0769230769230769,152.5125,1,Regular Customers,Encourage higher spending through promotions and cross-selling.
PJ-19015,134,7,1824.23,683.0100000000001,0.08,260.6042857142857,1,Regular Customers,Encourage higher spending through promotions and cross-selling.
PK-18910,483,2,1441.15,-798.71,0.3666666666666667,720.575,2,At-Risk Customers,Use re-engagement campaigns and targeted promotions to encourage repeat purchases.
PK-19075,9,12,8646.93,2038.26,0.076,720.5775,0,High-Value Customers,"Retain with loyalty programs, VIP benefits, and cross-selling."
PL-18925,15,5,239.49,-0.7599999999999998,0.25,47.898,1,Regular Customers,Encourage higher spending through promotions and cross-selling.
PM-18940,386,3,1405.4,157.88,0.15,468.4666666666666,2,At-Risk Customers,Use re-engagement campaigns and targeted promotions to encourage repeat purchases.
PM-19135,51,4,4115.66,526.76,0.1285714285714286,1028.915,1,Regular Customers,Encourage higher spending through promotions and cross-selling.
PN-18775,30,8,1467.16,192.04,0.123076923076923,183.395,1,Regular Customers,Encourage higher spending through promotions and cross-selling.
PO-18850,4,11,7473.839999999999,38.46999999999999,0.21,679.4399999999999,1,Regular Customers,Encourage higher spending through promotions and cross-selling.
PO-18865,0,7,2493.22,437.85,0.0461538461538461,356.1742857142857,1,Regular Customers,Encourage higher spending through promotions and cross-selling.
PO-19180,160,9,4893.05,1155.45,0.1055555555555555,543.6722222222222,1,Regular Customers,Encourage higher spending through promotions and cross-selling.
PO-19195,86,5,1056.85,-49.69,0.19,211.37,1,Regular Customers,Encourage higher spending through promotions and cross-selling.
PP-18955,97,10,7252.61,1495.11,0.1088235294117647,725.261,0,High-Value Customers,"Retain with loyalty programs, VIP benefits, and cross-selling."
PR-18880,36,5,1840.18,247.61,0.1166666666666666,368.036,1,Regular Customers,Encourage higher spending through promotions and cross-selling.
PS-18760,107,6,2181.48,-134.44,0.2238095238095238,363.58,1,Regular Customers,Encourage higher spending through promotions and cross-selling.
PS-18970,69,8,1278.65,198.53,0.0538461538461538,159.83125,1,Regular Customers,Encourage higher spending through promotions and cross-selling.
PS-19045,236,7,6843.629999999999,1742.74,0.0846153846153846,977.6614285714284,0,High-Value Customers,"Retain with loyalty programs, VIP benefits, and cross-selling."
PT-19090,71,4,160.58,-20.05,0.3714285714285714,40.145,1,Regular Customers,Encourage higher spending through promotions and cross-selling.
PV-18985,89,5,2876.05,434.54,0.0846153846153846,575.21,1,Regular Customers,Encourage higher spending through promotions and cross-selling.
PW-19030,46,10,3454.91,803.82,0.0384615384615384,345.491,1,Regular Customers,Encourage higher spending through promotions and cross-selling.
PW-19240,464,7,3922.41,1290.34,0.1708333333333333,560.3442857142857,2,At-Risk Customers,Use re-engagement campaigns and targeted promotions to encourage repeat purchases.
QJ-19255,25,9,6108.34,1203.69,0.123076923076923,678.7044444444444,0,High-Value Customers,"Retain with loyalty programs, VIP benefits, and cross-selling."
RA-19285,5,9,2617.89,546.09,0.1647058823529412,290.87666666666667,1,Regular Customers,Encourage higher spending through promotions and cross-selling.
RA-19885,43,7,3832.32,1292.87,0.04,547.4742857142857,1,Regular Customers,Encourage higher spending through promotions and cross-selling.
RA-19915,12,9,4793.53,304.88,0.2795454545454545,532.6144444444444,1,Regular Customers,Encourage higher spending through promotions and cross-selling.
RA-19945,61,5,1686.93,-445.69,0.3166666666666666,337.386,1,Regular Customers,Encourage higher spending through promotions and cross-selling.
RB-19330,68,2,1008.2,-164.41,0.3166666666666667,504.1,1,Regular Customers,Encourage higher spending through promotions and cross-selling.
RB-19360,96,6,15117.35,6976.089999999999,0.0944444444444444,2519.558333333333,0,High-Value Customers,"Retain with loyalty programs, VIP benefits, and cross-selling."
RB-19435,19,8,2663.07,477.23,0.1625,332.88375,1,Regular Customers,Encourage higher spending through promotions and cross-selling.
RB-19465,9,12,4715.47,640.55,0.1347826086956521,392.9558333333334,1,Regular Customers,Encourage higher spending through promotions and cross-selling.
RB-19570,25,5,528.53,76.9,0.1666666666666666,105.706,1,Regular Customers,Encourage higher spending through promotions and cross-selling.
RB-19645,648,5,221.09,72.68,0.1428571428571428,44.218,2,At-Risk Customers,Use re-engagement campaigns and targeted promotions to encourage repeat purchases.
RB-19705,54,4,2067.45,243.08,0.1571428571428571,516.8625,1,Regular Customers,Encourage higher spending through promotions and cross-selling.
RB-19795,32,8,5633.31,-461.74,0.25,704.16375,1,Regular Customers,Encourage higher spending through promotions and cross-selling.
RC-19825,369,6,966.41,63.99,0.11,161.06833333333336,2,At-Risk Customers,Use re-engagement campaigns and targeted promotions to encourage repeat purchases.
RC-19960,110,6,885.75,10.539999999999992,0.1727272727272727,147.625,1,Regular Customers,Encourage higher spending through promotions and cross-selling.
RD-19480,72,8,4272.9400000000005,480.59,0.1066666666666666,534.1175000000001,1,Regular Customers,Encourage higher spending through promotions and cross-selling.
RD-19585,180,10,2912.9,734.52,0.031578947368421,291.29,1,Regular Customers,Encourage higher spending through promotions and cross-selling.
RD-19660,114,5,2786.63,835.77,0.08,557.326,1,Regular Customers,Encourage higher spending through promotions and cross-selling.
RD-19720,21,10,1419.74,207.34,0.1575,141.974,1,Regular Customers,Encourage higher spending through promotions and cross-selling.
RD-19810,14,8,1137.61,318.45,0.1875,142.20125,1,Regular Customers,Encourage higher spending through promotions and cross-selling.
RD-19900,114,9,3133.92,455.53,0.0571428571428571,348.21333333333337,1,Regular Customers,Encourage higher spending through promotions and cross-selling.
RD-19930,42,4,970.95,35.04,0.31,242.7375,1,Regular Customers,Encourage higher spending through promotions and cross-selling.
RE-19405,1097,1,48.36,6.05,0.2,48.36,2,At-Risk Customers,Use re-engagement campaigns and targeted promotions to encourage repeat purchases.
RE-19450,302,5,876.7,209.22,0.1333333333333333,175.34,2,At-Risk Customers,Use re-engagement campaigns and targeted promotions to encourage repeat purchases.
RF-19345,390,8,3309.14,633.7,0.1375,413.6425,1,Regular Customers,Encourage higher spending through promotions and cross-selling.
RF-19735,89,7,2341.3,711.63,0.0142857142857142,334.4714285714286,1,Regular Customers,Encourage higher spending through promotions and cross-selling.
RF-19840,6,8,945.22,280.02,0.0818181818181818,118.1525,1,Regular Customers,Encourage higher spending through promotions and cross-selling.
RH-19495,32,5,3621.38,563.78,0.1,724.2760000000001,1,Regular Customers,Encourage higher spending through promotions and cross-selling.
RH-19510,467,6,6979.18,1289.45,0.0333333333333333,1163.1966666666667,0,High-Value Customers,"Retain with loyalty programs, VIP benefits, and cross-selling."
RH-19555,519,2,740.39,0.3099999999999987,0.5333333333333333,370.195,2,At-Risk Customers,Use re-engagement campaigns and targeted promotions to encourage repeat purchases.
RH-19600,534,3,2085.74,172.63,0.109090909090909,695.2466666666666,2,At-Risk Customers,Use re-engagement campaigns and targeted promotions to encourage repeat purchases.
RK-19300,119,3,1460.19,269.69,0.075,486.73,1,Regular Customers,Encourage higher spending through promotions and cross-selling.
RL-19615,121,8,6234.91,488.15,0.21875,779.36375,1,Regular Customers,Encourage higher spending through promotions and cross-selling.
RM-19375,345,6,1453.47,392.16,0.0444444444444444,242.245,2,At-Risk Customers,Use re-engagement campaigns and targeted promotions to encourage repeat purchases.
RM-19675,6,5,5979.089999999999,1902.55,0.0454545454545454,1195.8179999999998,0,High-Value Customers,"Retain with loyalty programs, VIP benefits, and cross-selling."
RM-19750,299,1,98.35,28.68,0.0,98.35,2,At-Risk Customers,Use re-engagement campaigns and targeted promotions to encourage repeat purchases.
RO-19780,35,7,3815.47,-1262.58,0.2916666666666667,545.0671428571429,1,Regular Customers,Encourage higher spending through promotions and cross-selling.
RP-19270,496,4,954.64,59.52,0.1933333333333333,238.66,2,At-Risk Customers,Use re-engagement campaigns and targeted promotions to encourage repeat purchases.
RP-19390,33,12,5153.06,465.25,0.148,429.4216666666667,1,Regular Customers,Encourage higher spending through promotions and cross-selling.
RP-19855,28,8,2170.71,594.61,0.1333333333333333,271.33875,1,Regular Customers,Encourage higher spending through promotions and cross-selling.
RR-19315,19,2,615.9300000000001,-73.83,0.2749999999999999,307.96500000000003,1,Regular Customers,Encourage higher spending through promotions and cross-selling.
RR-19525,170,6,3302.26,721.6899999999999,0.06,550.3766666666667,1,Regular Customers,Encourage higher spending through promotions and cross-selling.
RS-19420,76,5,3221.29,633.45,0.0,644.258,1,Regular Customers,Encourage higher spending through promotions and cross-selling.
RS-19765,36,8,4159.77,1206.39,0.1142857142857143,519.97125,1,Regular Customers,Encourage higher spending through promotions and cross-selling.
RS-19870,19,2,22.33,9.58,0.0666666666666666,11.165,1,Regular Customers,Encourage higher spending through promotions and cross-selling.
RW-19540,120,7,7397.400000000001,1586.64,0.1347826086956521,1056.7714285714287,0,High-Value Customers,"Retain with loyalty programs, VIP benefits, and cross-selling."
RW-19630,89,9,3279.75,698.85,0.1375,364.4166666666667,1,Regular Customers,Encourage higher spending through promotions and cross-selling.
RW-19690,79,5,3495.64,707.5500000000001,0.0733333333333333,699.1279999999999,1,Regular Customers,Encourage higher spending through promotions and cross-selling.
SA-20830,63,10,4767.34,610.14,0.1928571428571428,476.734,1,Regular Customers,Encourage higher spending through promotions and cross-selling.
SB-20170,201,3,1348.02,157.68,0.1857142857142857,449.34,2,At-Risk Customers,Use re-engagement campaigns and targeted promotions to encourage repeat purchases.
SB-20185,188,6,6411.0,885.47,0.1416666666666667,1068.5,0,High-Value Customers,"Retain with loyalty programs, VIP benefits, and cross-selling."
SB-20290,47,7,8057.89,-2082.75,0.2411764705882352,1151.1271428571429,1,Regular Customers,Encourage higher spending through promotions and cross-selling.
SC-20020,781,5,3362.96,-317.04,0.2188235294117647,672.592,2,At-Risk Customers,Use re-engagement campaigns and targeted promotions to encourage repeat purchases.
SC-20050,40,9,4624.57,1011.73,0.1866666666666666,513.8411111111111,1,Regular Customers,Encourage higher spending through promotions and cross-selling.
SC-20095,349,9,14142.340000000002,5757.419999999999,0.0636363636363636,1571.3711111111113,0,High-Value Customers,"Retain with loyalty programs, VIP benefits, and cross-selling."
SC-20230,149,4,4371.96,440.14,0.1090909090909091,1092.99,1,Regular Customers,Encourage higher spending through promotions and cross-selling.
SC-20260,187,8,3729.8,671.01,0.1972222222222222,466.225,1,Regular Customers,Encourage higher spending through promotions and cross-selling.
SC-20305,29,7,3979.06,229.15,0.2166666666666666,568.4371428571429,1,Regular Customers,Encourage higher spending through promotions and cross-selling.
SC-20380,30,9,5992.530000000001,236.67000000000007,0.19,665.8366666666667,1,Regular Customers,Encourage higher spending through promotions and cross-selling.
SC-20440,36,7,1875.0,379.56,0.2799999999999999,267.85714285714283,1,Regular Customers,Encourage higher spending through promotions and cross-selling.
SC-20575,92,5,902.73,100.23,0.3428571428571428,180.546,1,Regular Customers,Encourage higher spending through promotions and cross-selling.
SC-20680,126,6,1254.64,370.17,0.0,209.10666666666668,1,Regular Customers,Encourage higher spending through promotions and cross-selling.
SC-20695,89,10,2576.4,611.8199999999999,0.1571428571428571,257.64,1,Regular Customers,Encourage higher spending through promotions and cross-selling.
SC-20725,187,11,5226.2,1276.64,0.15,475.10909090909087,1,Regular Customers,Encourage higher spending through promotions and cross-selling.
SC-20770,41,7,4492.68,-671.19,0.3047619047619047,641.8114285714286,1,Regular Customers,Encourage higher spending through promotions and cross-selling.
SC-20800,30,4,279.25,51.83,0.12,69.8125,1,Regular Customers,Encourage higher spending through promotions and cross-selling.
SC-20845,131,2,280.63,31.18,0.2,140.315,2,At-Risk Customers,Use re-engagement campaigns and targeted promotions to encourage repeat purchases.
SD-20485,200,9,6121.1,1985.19,0.1047619047619047,680.1222222222223,0,High-Value Customers,"Retain with loyalty programs, VIP benefits, and cross-selling."
SE-20110,9,11,12209.440000000002,2650.67,0.1105263157894737,1109.9490909090912,0,High-Value Customers,"Retain with loyalty programs, VIP benefits, and cross-selling."
SF-20065,59,7,763.54,228.17,0.1,109.07714285714285,1,Regular Customers,Encourage higher spending through promotions and cross-selling.
SF-20200,59,9,3422.78,286.91,0.1266666666666666,380.3088888888889,1,Regular Customers,Encourage higher spending through promotions and cross-selling.
SF-20965,48,9,3336.53,539.94,0.2705882352941177,370.7255555555556,1,Regular Customers,Encourage higher spending through promotions and cross-selling.
SG-20080,8,3,3406.58,570.4499999999999,0.0681818181818181,1135.5266666666666,1,Regular Customers,Encourage higher spending through promotions and cross-selling.
SG-20470,183,8,1884.8,-119.01000000000002,0.15,235.6,1,Regular Customers,Encourage higher spending through promotions and cross-selling.
SG-20605,108,6,3124.84,463.27,0.0923076923076923,520.8066666666667,1,Regular Customers,Encourage higher spending through promotions and cross-selling.
SG-20890,226,3,47.95,-3.700000000000001,0.4,15.983333333333334,2,At-Risk Customers,Use re-engagement campaigns and targeted promotions to encourage repeat purchases.
SH-19975,29,13,3406.86,558.45,0.1362068965517241,262.06615384615384,1,Regular Customers,Encourage higher spending through promotions and cross-selling.
SH-20395,23,10,2180.7,-144.51999999999998,0.2333333333333333,218.07,1,Regular Customers,Encourage higher spending through promotions and cross-selling.
SH-20635,765,2,2096.3900000000003,260.63,0.2,1048.1950000000002,2,At-Risk Customers,Use re-engagement campaigns and targeted promotions to encourage repeat purchases.
SJ-20125,95,12,3949.65,144.13,0.2333333333333333,329.1375,1,Regular Customers,Encourage higher spending through promotions and cross-selling.
SJ-20215,29,6,1341.04,-23.52,0.37,223.50666666666663,1,Regular Customers,Encourage higher spending through promotions and cross-selling.
SJ-20500,253,5,1318.77,68.09,0.1428571428571428,263.754,1,Regular Customers,Encourage higher spending through promotions and cross-selling.
SK-19990,8,3,883.4100000000001,168.79,0.22,294.47,1,Regular Customers,Encourage higher spending through promotions and cross-selling.
SL-20155,70,7,3053.01,527.98,0.1777777777777777,436.1442857142857,1,Regular Customers,Encourage higher spending through promotions and cross-selling.
SM-20005,421,4,244.49,-26.590000000000003,0.2666666666666666,61.1225,2,At-Risk Customers,Use re-engagement campaigns and targeted promotions to encourage repeat purchases.
SM-20320,79,5,25043.07,-1980.75,0.2466666666666666,5008.614,0,High-Value Customers,"Retain with loyalty programs, VIP benefits, and cross-selling."
SM-20905,606,1,1043.05,-237.29,0.2833333333333333,1043.05,2,At-Risk Customers,Use re-engagement campaigns and targeted promotions to encourage repeat purchases.
SM-20950,25,12,5563.400000000001,581.57,0.1272727272727273,463.61666666666673,1,Regular Customers,Encourage higher spending through promotions and cross-selling.
SN-20560,111,6,1860.42,-716.86,0.1733333333333333,310.07,1,Regular Customers,Encourage higher spending through promotions and cross-selling.
SN-20710,79,7,3127.97,481.75,0.1168421052631579,446.8528571428571,1,Regular Customers,Encourage higher spending through promotions and cross-selling.
SO-20335,29,6,2602.58,-81.06999999999998,0.1366666666666667,433.7633333333333,1,Regular Customers,Encourage higher spending through promotions and cross-selling.
SP-20545,327,6,1306.09,-118.77,0.26,217.68166666666664,2,At-Risk Customers,Use re-engagement campaigns and targeted promotions to encourage repeat purchases.
SP-20620,47,9,5440.32,-270.42999999999995,0.25,604.48,1,Regular Customers,Encourage higher spending through promotions and cross-selling.
SP-20650,386,9,1872.43,268.47,0.1533333333333333,208.04777777777772,1,Regular Customers,Encourage higher spending through promotions and cross-selling.
SP-20860,79,10,4282.92,566.71,0.2083333333333333,428.292,1,Regular Customers,Encourage higher spending through promotions and cross-selling.
SP-20920,70,6,3990.67,14.69,0.2714285714285714,665.1116666666666,1,Regular Customers,Encourage higher spending through promotions and cross-selling.
SR-20425,8,5,3233.48,-3333.91,0.3666666666666666,646.696,1,Regular Customers,Encourage higher spending through promotions and cross-selling.
SR-20740,196,8,4345.88,1990.43,0.0333333333333333,543.235,0,High-Value Customers,"Retain with loyalty programs, VIP benefits, and cross-selling."
SS-20140,15,8,1324.03,332.33,0.1142857142857142,165.50375,1,Regular Customers,Encourage higher spending through promotions and cross-selling.
SS-20410,110,6,3056.81,-1010.97,0.2583333333333333,509.4683333333333,1,Regular Customers,Encourage higher spending through promotions and cross-selling.
SS-20515,491,3,613.4,199.93,0.0,204.46666666666667,2,At-Risk Customers,Use re-engagement campaigns and targeted promotions to encourage repeat purchases.
SS-20590,432,6,418.49,135.54,0.0,69.74833333333333,2,At-Risk Customers,Use re-engagement campaigns and targeted promotions to encourage repeat purchases.
SS-20875,120,5,964.63,-75.57,0.24,192.926,1,Regular Customers,Encourage higher spending through promotions and cross-selling.
ST-20530,125,7,433.34,84.46000000000001,0.2,61.90571428571428,1,Regular Customers,Encourage higher spending through promotions and cross-selling.
SU-20665,20,7,2595.38,763.48,0.1333333333333333,370.7685714285714,1,Regular Customers,Encourage higher spending through promotions and cross-selling.
SV-20365,101,10,11470.94,1199.45,0.15625,1147.0939999999998,0,High-Value Customers,"Retain with loyalty programs, VIP benefits, and cross-selling."
SV-20785,320,9,4105.32,485.03,0.184,456.14666666666665,1,Regular Customers,Encourage higher spending through promotions and cross-selling.
SV-20815,76,4,1271.09,199.64,0.1999999999999999,317.77250000000004,1,Regular Customers,Encourage higher spending through promotions and cross-selling.
SV-20935,2,8,1903.49,106.9,0.2307692307692307,237.93625,1,Regular Customers,Encourage higher spending through promotions and cross-selling.
SW-20245,81,7,1085.06,-19.609999999999992,0.2599999999999999,155.00857142857143,1,Regular Customers,Encourage higher spending through promotions and cross-selling.
SW-20275,30,6,1966.65,332.87,0.0285714285714285,327.77500000000003,1,Regular Customers,Encourage higher spending through promotions and cross-selling.
SW-20350,162,3,1019.04,95.84,0.2166666666666666,339.68,1,Regular Customers,Encourage higher spending through promotions and cross-selling.
SW-20455,162,7,2921.54,793.64,0.1111111111111111,417.36285714285714,1,Regular Customers,Encourage higher spending through promotions and cross-selling.
SW-20755,534,2,758.6899999999999,68.24,0.1,379.345,2,At-Risk Customers,Use re-engagement campaigns and targeted promotions to encourage repeat purchases.
SZ-20035,35,11,3625.34,366.43,0.22,329.5763636363636,1,Regular Customers,Encourage higher spending through promotions and cross-selling.
TA-21385,69,4,14595.62,4703.8,0.0799999999999999,3648.905,0,High-Value Customers,"Retain with loyalty programs, VIP benefits, and cross-selling."
TB-21055,119,5,1467.89,390.22,0.0555555555555555,293.57800000000003,1,Regular Customers,Encourage higher spending through promotions and cross-selling.
TB-21175,58,4,3589.2899999999995,829.18,0.0909090909090909,897.3224999999999,1,Regular Customers,Encourage higher spending through promotions and cross-selling.
TB-21190,49,4,816.1700000000001,179.01,0.025,204.0425,1,Regular Customers,Encourage higher spending through promotions and cross-selling.
TB-21250,349,7,1602.37,260.6,0.2473684210526316,228.91000000000005,2,At-Risk Customers,Use re-engagement campaigns and targeted promotions to encourage repeat purchases.
TB-21280,583,6,2198.46,490.97,0.1,366.41,2,At-Risk Customers,Use re-engagement campaigns and targeted promotions to encourage repeat purchases.
TB-21355,146,5,834.33,268.96,0.0615384615384615,166.866,1,Regular Customers,Encourage higher spending through promotions and cross-selling.
TB-21400,202,7,9133.99,2798.37,0.0705882352941176,1304.8557142857142,0,High-Value Customers,"Retain with loyalty programs, VIP benefits, and cross-selling."
TB-21520,107,9,4737.48,-1603.05,0.265,526.3866666666667,1,Regular Customers,Encourage higher spending through promotions and cross-selling.
TB-21595,285,5,1387.5700000000002,-136.4,0.2714285714285714,277.514,2,At-Risk Customers,Use re-engagement campaigns and targeted promotions to encourage repeat purchases.
TB-21625,30,9,2797.68,379.88,0.14,310.8533333333333,1,Regular Customers,Encourage higher spending through promotions and cross-selling.
TC-20980,399,5,19052.22,8981.32,0.1166666666666666,3810.444,0,High-Value Customers,"Retain with loyalty programs, VIP benefits, and cross-selling."
TC-21145,106,1,1038.26,265.53,0.0,1038.26,1,Regular Customers,Encourage higher spending through promotions and cross-selling.
TC-21295,27,8,4266.81,606.37,0.13125,533.3512499999999,1,Regular Customers,Encourage higher spending through promotions and cross-selling.
TC-21475,153,9,1244.98,119.09999999999998,0.2636363636363636,138.3311111111111,1,Regular Customers,Encourage higher spending through promotions and cross-selling.
TC-21535,4,7,742.5500000000001,217.95,0.11,106.07857142857144,1,Regular Customers,Encourage higher spending through promotions and cross-selling.
TD-20995,37,9,1434.56,88.18,0.24375,159.39555555555555,1,Regular Customers,Encourage higher spending through promotions and cross-selling.
TG-21310,337,5,3058.38,682.1700000000001,0.2111111111111111,611.676,2,At-Risk Customers,Use re-engagement campaigns and targeted promotions to encourage repeat purchases.
TG-21640,114,4,2074.67,365.7000000000001,0.13,518.6675,1,Regular Customers,Encourage higher spending through promotions and cross-selling.
TH-21100,344,5,2422.83,-135.22,0.1714285714285714,484.566,2,At-Risk Customers,Use re-engagement campaigns and targeted promotions to encourage repeat purchases.
TH-21115,58,4,2942.78,-252.55,0.2333333333333333,735.695,1,Regular Customers,Encourage higher spending through promotions and cross-selling.
TH-21235,117,8,1022.21,92.72,0.2076923076923077,127.77625,1,Regular Customers,Encourage higher spending through promotions and cross-selling.
TH-21550,72,7,4234.1,-571.98,0.0692307692307692,604.8714285714286,1,Regular Customers,Encourage higher spending through promotions and cross-selling.
TM-21010,103,8,2955.23,573.3000000000001,0.0526315789473684,369.40375,1,Regular Customers,Encourage higher spending through promotions and cross-selling.
TM-21490,130,3,1094.6799999999998,292.53,0.05,364.89333333333326,1,Regular Customers,Encourage higher spending through promotions and cross-selling.
TN-21040,90,7,3130.23,-692.05,0.1999999999999999,447.1757142857143,1,Regular Customers,Encourage higher spending through promotions and cross-selling.
TP-21130,8,9,4454.06,1129.13,0.0875,494.8955555555556,1,Regular Customers,Encourage higher spending through promotions and cross-selling.
TP-21415,104,5,5328.98,-1087.38,0.462,1065.7959999999998,1,Regular Customers,Encourage higher spending through promotions and cross-selling.
TP-21565,350,4,1936.62,139.22000000000003,0.24,484.155,2,At-Risk Customers,Use re-engagement campaigns and targeted promotions to encourage repeat purchases.
TR-21325,193,5,675.9399999999999,220.36,0.0285714285714285,135.188,1,Regular Customers,Encourage higher spending through promotions and cross-selling.
TS-21085,357,2,4.84,-3.3200000000000003,0.7,2.42,2,At-Risk Customers,Use re-engagement campaigns and targeted promotions to encourage repeat purchases.
TS-21160,504,6,2163.63,260.88,0.2235294117647058,360.605,2,At-Risk Customers,Use re-engagement campaigns and targeted promotions to encourage repeat purchases.
TS-21205,198,7,5371.11,862.9,0.1578947368421052,767.3014285714286,1,Regular Customers,Encourage higher spending through promotions and cross-selling.
TS-21340,226,5,974.78,-185.00000000000003,0.2833333333333333,194.956,1,Regular Customers,Encourage higher spending through promotions and cross-selling.
TS-21370,36,6,11891.75,2371.73,0.1166666666666666,1981.9583333333333,0,High-Value Customers,"Retain with loyalty programs, VIP benefits, and cross-selling."
TS-21430,172,5,2054.14,48.70000000000001,0.1571428571428571,410.828,1,Regular Customers,Encourage higher spending through promotions and cross-selling.
TS-21505,11,6,2243.28,11.38999999999998,0.1928571428571428,373.88000000000005,1,Regular Customers,Encourage higher spending through promotions and cross-selling.
TS-21610,55,7,2820.42,-294.70000000000005,0.3727272727272727,402.9171428571429,1,Regular Customers,Encourage higher spending through promotions and cross-selling.
TS-21655,238,5,3368.08,220.9,0.1928571428571428,673.616,1,Regular Customers,Encourage higher spending through promotions and cross-selling.
TT-21070,31,7,4915.59,751.97,0.1142857142857143,702.2271428571429,1,Regular Customers,Encourage higher spending through promotions and cross-selling.
TT-21220,183,8,1427.05,278.75,0.2133333333333333,178.38125,1,Regular Customers,Encourage higher spending through promotions and cross-selling.
TT-21265,406,3,439.5,93.92,0.0,146.5,2,At-Risk Customers,Use re-engagement campaigns and targeted promotions to encourage repeat purchases.
TT-21460,12,7,5364.8,1124.5000000000002,0.1285714285714286,766.4,0,High-Value Customers,"Retain with loyalty programs, VIP benefits, and cross-selling."
TW-21025,64,7,5278.82,737.39,0.1,754.1171428571428,1,Regular Customers,Encourage higher spending through promotions and cross-selling.
TZ-21580,35,4,1707.28,224.9,0.0888888888888888,426.82,1,Regular Customers,Encourage higher spending through promotions and cross-selling.
VB-21745,54,6,2005.59,371.25,0.1699999999999999,334.265,1,Regular Customers,Encourage higher spending through promotions and cross-selling.
VD-21670,581,6,6442.26,1617.81,0.075,1073.71,0,High-Value Customers,"Retain with loyalty programs, VIP benefits, and cross-selling."
VF-21715,13,5,847.95,-96.28,0.0636363636363636,169.59,1,Regular Customers,Encourage higher spending through promotions and cross-selling.
VG-21790,154,6,846.02,143.63,0.075,141.00333333333333,1,Regular Customers,Encourage higher spending through promotions and cross-selling.
VG-21805,286,5,427.37,-52.33,0.1,85.474,2,At-Risk Customers,Use re-engagement campaigns and targeted promotions to encourage repeat purchases.
VM-21685,54,7,2454.87,513.54,0.1,350.69571428571425,1,Regular Customers,Encourage higher spending through promotions and cross-selling.
VM-21835,117,5,380.69,116.64,0.1124999999999999,76.138,1,Regular Customers,Encourage higher spending through promotions and cross-selling.
VP-21730,30,3,993.9,205.39,0.04,331.3,1,Regular Customers,Encourage higher spending through promotions and cross-selling.
VP-21760,75,7,3360.54,-1018.76,0.1714285714285714,480.07714285714286,1,Regular Customers,Encourage higher spending through promotions and cross-selling.
VS-21820,221,4,1055.99,-262.81,0.475,263.9975,2,At-Risk Customers,Use re-engagement campaigns and targeted promotions to encourage repeat purchases.
VT-21700,1000,2,1736.6,-224.09,0.3333333333333333,868.3,2,At-Risk Customers,Use re-engagement campaigns and targeted promotions to encourage repeat purchases.
VW-21775,28,10,6134.040000000001,-874.6600000000001,0.1611111111111111,613.4040000000001,1,Regular Customers,Encourage higher spending through promotions and cross-selling.
WB-21850,20,11,6160.1,714.34,0.2054054054054054,560.0090909090909,1,Regular Customers,Encourage higher spending through promotions and cross-selling.
XP-21865,43,11,2374.66,621.23,0.0464285714285714,215.87818181818184,1,Regular Customers,Encourage higher spending through promotions and cross-selling.
YC-21895,4,5,5454.35,1305.64,0.075,1090.87,0,High-Value Customers,"Retain with loyalty programs, VIP benefits, and cross-selling."
YS-21880,9,8,6720.4400000000005,1778.31,0.05,840.0550000000001,0,High-Value Customers,"Retain with loyalty programs, VIP benefits, and cross-selling."
ZC-21910,54,13,8025.7,-1032.13,0.2548387096774193,617.3615384615384,1,Regular Customers,Encourage higher spending through promotions and cross-selling.
ZD-21925,202,5,1493.94,249.13,0.1111111111111111,298.788,1,Regular Customers,Encourage higher spending through promotions and cross-selling.
